"","ID","P1.false","P1.true","P2.false","P2.true","P3.false","P3.true","P4.false","P4.true","P5.false","P5.true","P6.false","P6.true","P7.false","P7.true","P8.false","P8.true","P9.false","P9.true","P10.false","P10.true","P11.false","P11.true","P12.false","P12.true","P13.false","P13.true","P14.false","P14.true"
"1",1788,0.768,0.232,0.84,0.16,0.996,0.004,0.994,0.006,0.944,0.056,0.95,0.05,0.86,0.14,0.858,0.142,0.852,0.148,1,0,0.838,0.162,0.824,0.176,0.842,0.158,0.836,0.164
"2",3588,0.932,0.068,0.75,0.25,0.966,0.034,0.974,0.026,1,0,0.988,0.012,0.808,0.192,0.758,0.242,0.984,0.016,0.998,0.002,0.758,0.242,0.78,0.22,0.748,0.252,0.77,0.23
"3",12877,0.906,0.094,0.642,0.358,1,0,0.986,0.014,0.904,0.096,0.998,0.002,0.712,0.288,0.658,0.342,0.97,0.03,0.996,0.004,0.642,0.358,0.622,0.378,0.61,0.39,0.674,0.326
"4",17712,0.968,0.032,0.77,0.23,1,0,1,0,1,0,0.998,0.002,0.826,0.174,0.792,0.208,0.978,0.022,0.998,0.002,0.802,0.198,0.794,0.206,0.776,0.224,0.782,0.218
"5",18311,0.726,0.274,0.796,0.204,0.996,0.004,1,0,0.918,0.082,0.822,0.178,0.908,0.092,0.87,0.13,0.932,0.068,1,0,0.832,0.168,0.818,0.182,0.816,0.184,0.88,0.12
"6",19153,0.936,0.064,0.328,0.672,0.968,0.032,0.998,0.002,0.986,0.014,0.98,0.02,0.408,0.592,0.384,0.616,0.994,0.006,1,0,0.34,0.66,0.386,0.614,0.44,0.56,0.424,0.576
"7",23151,0.952,0.048,0.886,0.114,1,0,0.982,0.018,0.99,0.01,0.996,0.004,0.918,0.082,0.876,0.124,0.964,0.036,0.998,0.002,0.844,0.156,0.87,0.13,0.858,0.142,0.868,0.132
"8",23256,0.89,0.11,0.856,0.144,0.968,0.032,0.99,0.01,0.966,0.034,0.986,0.014,0.918,0.082,0.848,0.152,0.918,0.082,0.98,0.02,0.83,0.17,0.864,0.136,0.87,0.13,0.88,0.12
"9",24173,0.918,0.082,0.772,0.228,0.996,0.004,0.982,0.018,0.986,0.014,0.998,0.002,0.712,0.288,0.728,0.272,0.95,0.05,0.984,0.016,0.728,0.272,0.752,0.248,0.742,0.258,0.74,0.26
"10",24197,0.988,0.012,0.902,0.098,0.99,0.01,0.998,0.002,1,0,0.984,0.016,0.862,0.138,0.886,0.114,0.998,0.002,1,0,0.876,0.124,0.864,0.136,0.876,0.124,0.874,0.126
"11",25036,0.932,0.068,0.648,0.352,0.942,0.058,0.978,0.022,0.982,0.018,0.976,0.024,0.676,0.324,0.642,0.358,0.964,0.036,1,0,0.65,0.35,0.628,0.372,0.632,0.368,0.672,0.328
"12",25334,0.912,0.088,0.888,0.112,1,0,0.996,0.004,0.968,0.032,0.994,0.006,0.882,0.118,0.886,0.114,0.948,0.052,1,0,0.868,0.132,0.888,0.112,0.88,0.12,0.884,0.116
"13",25344,0.908,0.092,0.672,0.328,0.88,0.12,0.996,0.004,1,0,0.998,0.002,0.762,0.238,0.786,0.214,0.978,0.022,0.994,0.006,0.672,0.328,0.662,0.338,0.692,0.308,0.81,0.19
"14",25393,0.906,0.094,0.676,0.324,1,0,0.966,0.034,0.976,0.024,0.96,0.04,0.64,0.36,0.62,0.38,0.986,0.014,0.986,0.014,0.61,0.39,0.668,0.332,0.616,0.384,0.646,0.354
"15",26870,0.95,0.05,0.666,0.334,0.994,0.006,0.974,0.026,0.98,0.02,1,0,0.672,0.328,0.66,0.34,0.964,0.036,0.986,0.014,0.67,0.33,0.646,0.354,0.702,0.298,0.66,0.34
"16",26874,0.968,0.032,0.818,0.182,0.982,0.018,0.974,0.026,0.978,0.022,0.982,0.018,0.816,0.184,0.838,0.162,0.96,0.04,0.984,0.016,0.79,0.21,0.82,0.18,0.812,0.188,0.822,0.178
"17",26914,0.778,0.222,0.86,0.14,0.986,0.014,0.978,0.022,0.986,0.014,0.984,0.016,0.886,0.114,0.896,0.104,0.918,0.082,0.998,0.002,0.846,0.154,0.834,0.166,0.81,0.19,0.886,0.114
"18",26956,0.826,0.174,0.752,0.248,0.986,0.014,0.98,0.02,0.982,0.018,0.95,0.05,0.832,0.168,0.78,0.22,0.926,0.074,0.998,0.002,0.738,0.262,0.736,0.264,0.758,0.242,0.798,0.202
"19",26972,0.634,0.366,0.878,0.122,0.998,0.002,0.998,0.002,0.842,0.158,0.796,0.204,0.944,0.056,0.938,0.062,0.898,0.102,1,0,0.872,0.128,0.916,0.084,0.896,0.104,0.936,0.064
"20",26979,0.96,0.04,0.908,0.092,0.98,0.02,0.994,0.006,0.992,0.008,1,0,0.922,0.078,0.94,0.06,0.984,0.016,0.998,0.002,0.878,0.122,0.874,0.126,0.888,0.112,0.93,0.07
"21",27871,0.89,0.11,0.652,0.348,0.942,0.058,0.978,0.022,0.898,0.102,0.958,0.042,0.708,0.292,0.714,0.286,0.898,0.102,0.956,0.044,0.62,0.38,0.674,0.326,0.686,0.314,0.686,0.314
"22",27872,0.88,0.12,0.746,0.254,0.986,0.014,0.96,0.04,0.968,0.032,0.976,0.024,0.808,0.192,0.808,0.192,0.89,0.11,0.998,0.002,0.76,0.24,0.764,0.236,0.734,0.266,0.812,0.188
"23",27894,0.926,0.074,0.9,0.1,0.992,0.008,1,0,0.996,0.004,0.98,0.02,0.924,0.076,0.904,0.096,0.956,0.044,1,0,0.894,0.106,0.914,0.086,0.918,0.082,0.92,0.08
"24",28172,0.934,0.066,0.606,0.394,0.986,0.014,0.996,0.004,0.93,0.07,0.96,0.04,0.65,0.35,0.674,0.326,0.966,0.034,0.998,0.002,0.604,0.396,0.582,0.418,0.63,0.37,0.652,0.348
"25",28183,0.938,0.062,0.852,0.148,0.998,0.002,0.97,0.03,1,0,0.998,0.002,0.872,0.128,0.892,0.108,0.954,0.046,1,0,0.848,0.152,0.852,0.148,0.858,0.142,0.878,0.122
"26",28452,0.93,0.07,0.8,0.2,0.992,0.008,0.984,0.016,1,0,0.992,0.008,0.842,0.158,0.83,0.17,0.962,0.038,1,0,0.786,0.214,0.822,0.178,0.816,0.184,0.806,0.194
"27",28784,0.968,0.032,0.836,0.164,0.986,0.014,1,0,0.99,0.01,0.99,0.01,0.888,0.112,0.892,0.108,0.978,0.022,1,0,0.834,0.166,0.828,0.172,0.866,0.134,0.862,0.138
"28",28801,0.872,0.128,0.736,0.264,0.976,0.024,0.962,0.038,0.98,0.02,0.968,0.032,0.762,0.238,0.782,0.218,0.93,0.07,0.988,0.012,0.752,0.248,0.748,0.252,0.73,0.27,0.76,0.24
"29",29985,0.912,0.088,0.702,0.298,0.962,0.038,0.918,0.082,0.99,0.01,0.984,0.016,0.71,0.29,0.77,0.23,0.982,0.018,0.984,0.016,0.65,0.35,0.688,0.312,0.696,0.304,0.774,0.226
"30",30371,0.874,0.126,0.748,0.252,0.98,0.02,0.984,0.016,0.976,0.024,0.958,0.042,0.786,0.214,0.802,0.198,0.894,0.106,0.99,0.01,0.766,0.234,0.754,0.246,0.732,0.268,0.794,0.206
"31",30620,0.938,0.062,0.816,0.184,0.996,0.004,0.99,0.01,0.988,0.012,0.982,0.018,0.848,0.152,0.846,0.154,0.946,0.054,1,0,0.838,0.162,0.836,0.164,0.834,0.166,0.838,0.162
"32",32372,0.982,0.018,0.824,0.176,0.994,0.006,0.984,0.016,0.992,0.008,0.992,0.008,0.802,0.198,0.768,0.232,0.986,0.014,1,0,0.802,0.198,0.8,0.2,0.782,0.218,0.824,0.176
"33",32620,0.938,0.062,0.84,0.16,0.99,0.01,0.988,0.012,0.978,0.022,0.98,0.02,0.83,0.17,0.87,0.13,0.976,0.024,0.994,0.006,0.8,0.2,0.846,0.154,0.828,0.172,0.844,0.156
"34",32622,0.934,0.066,0.706,0.294,0.984,0.016,0.984,0.016,0.984,0.016,0.99,0.01,0.692,0.308,0.69,0.31,0.952,0.048,0.986,0.014,0.694,0.306,0.682,0.318,0.718,0.282,0.756,0.244
"35",32653,0.972,0.028,0.378,0.622,0.96,0.04,0.962,0.038,0.998,0.002,0.764,0.236,0.686,0.314,0.672,0.328,0.996,0.004,0.998,0.002,0.386,0.614,0.384,0.616,0.44,0.56,0.626,0.374
"36",33166,0.778,0.222,0.892,0.108,0.99,0.01,0.986,0.014,0.98,0.02,0.97,0.03,0.928,0.072,0.92,0.08,0.898,0.102,0.998,0.002,0.878,0.122,0.866,0.134,0.866,0.134,0.928,0.072
"37",35319,0.932,0.068,0.888,0.112,1,0,0.992,0.008,0.958,0.042,0.996,0.004,0.89,0.11,0.876,0.124,0.97,0.03,0.992,0.008,0.88,0.12,0.88,0.12,0.84,0.16,0.876,0.124
"38",36599,0.868,0.132,0.684,0.316,0.986,0.014,0.974,0.026,0.982,0.018,0.978,0.022,0.71,0.29,0.718,0.282,0.898,0.102,0.996,0.004,0.66,0.34,0.638,0.362,0.67,0.33,0.732,0.268
"39",37190,0.93,0.07,0.704,0.296,0.984,0.016,0.994,0.006,0.988,0.012,0.982,0.018,0.812,0.188,0.782,0.218,0.94,0.06,0.998,0.002,0.758,0.242,0.776,0.224,0.776,0.224,0.794,0.206
"40",37479,0.946,0.054,0.858,0.142,0.988,0.012,0.996,0.004,0.976,0.024,0.988,0.012,0.888,0.112,0.882,0.118,0.972,0.028,1,0,0.85,0.15,0.862,0.138,0.84,0.16,0.878,0.122
"41",39782,0.954,0.046,0.852,0.148,0.996,0.004,0.994,0.006,0.998,0.002,0.984,0.016,0.868,0.132,0.86,0.14,0.98,0.02,1,0,0.862,0.138,0.836,0.164,0.812,0.188,0.846,0.154
"42",42319,0.934,0.066,0.882,0.118,0.996,0.004,0.988,0.012,0.994,0.006,0.968,0.032,0.926,0.074,0.884,0.116,0.972,0.028,1,0,0.874,0.126,0.872,0.128,0.848,0.152,0.898,0.102
"43",44503,0.862,0.138,0.498,0.502,0.962,0.038,0.98,0.02,0.98,0.02,0.97,0.03,0.62,0.38,0.644,0.356,0.902,0.098,0.992,0.008,0.508,0.492,0.522,0.478,0.504,0.496,0.578,0.422
"44",44511,0.99,0.01,0.246,0.754,0.98,0.02,0.978,0.022,0.998,0.002,0.996,0.004,0.24,0.76,0.274,0.726,0.988,0.012,1,0,0.256,0.744,0.256,0.744,0.272,0.728,0.262,0.738
"45",44554,0.876,0.124,0.71,0.29,0.968,0.032,0.982,0.018,0.964,0.036,0.972,0.028,0.734,0.266,0.734,0.266,0.942,0.058,0.984,0.016,0.692,0.308,0.69,0.31,0.664,0.336,0.738,0.262
"46",44580,0.902,0.098,0.812,0.188,0.974,0.026,0.982,0.018,0.98,0.02,0.97,0.03,0.846,0.154,0.858,0.142,0.966,0.034,0.994,0.006,0.814,0.186,0.792,0.208,0.822,0.178,0.874,0.126
"47",45093,0.956,0.044,0.876,0.124,0.994,0.006,0.972,0.028,0.986,0.014,1,0,0.902,0.098,0.864,0.136,0.962,0.038,0.99,0.01,0.876,0.124,0.868,0.132,0.864,0.136,0.882,0.118
"48",46792,0.94,0.06,0.754,0.246,0.996,0.004,0.994,0.006,0.998,0.002,0.998,0.002,0.826,0.174,0.804,0.196,0.956,0.044,1,0,0.798,0.202,0.752,0.248,0.782,0.218,0.79,0.21
"49",48589,0.92,0.08,0.648,0.352,0.946,0.054,0.96,0.04,0.956,0.044,0.944,0.056,0.724,0.276,0.724,0.276,0.934,0.066,0.954,0.046,0.682,0.318,0.676,0.324,0.67,0.33,0.7,0.3
"50",50131,0.952,0.048,0.874,0.126,0.99,0.01,0.994,0.006,0.998,0.002,0.998,0.002,0.936,0.064,0.916,0.084,0.98,0.02,0.998,0.002,0.898,0.102,0.884,0.116,0.876,0.124,0.916,0.084
"51",50134,0.914,0.086,0.608,0.392,0.966,0.034,0.99,0.01,0.976,0.024,0.972,0.028,0.664,0.336,0.634,0.366,0.93,0.07,0.984,0.016,0.612,0.388,0.604,0.396,0.602,0.398,0.65,0.35
"52",50140,0.978,0.022,0.912,0.088,1,0,1,0,1,0,0.982,0.018,0.934,0.066,0.916,0.084,0.982,0.018,1,0,0.936,0.064,0.898,0.102,0.928,0.072,0.92,0.08
"53",50163,0.888,0.112,0.886,0.114,0.998,0.002,0.99,0.01,0.986,0.014,0.972,0.028,0.916,0.084,0.884,0.116,0.902,0.098,0.998,0.002,0.884,0.116,0.872,0.128,0.858,0.142,0.904,0.096
"54",50715,0.988,0.012,0.716,0.284,1,0,0.988,0.012,0.984,0.016,1,0,0.718,0.282,0.69,0.31,0.978,0.022,1,0,0.696,0.304,0.672,0.328,0.676,0.324,0.736,0.264
"55",50727,0.878,0.122,0.736,0.264,0.982,0.018,0.99,0.01,0.974,0.026,0.976,0.024,0.792,0.208,0.736,0.264,0.902,0.098,0.994,0.006,0.752,0.248,0.744,0.256,0.738,0.262,0.798,0.202
"56",50732,0.928,0.072,0.8,0.2,0.992,0.008,0.976,0.024,0.986,0.014,0.984,0.016,0.8,0.2,0.782,0.218,0.934,0.066,0.99,0.01,0.748,0.252,0.736,0.264,0.762,0.238,0.828,0.172
"57",50737,0.864,0.136,0.746,0.254,0.976,0.024,0.978,0.022,0.986,0.014,0.956,0.044,0.85,0.15,0.802,0.198,0.9,0.1,1,0,0.71,0.29,0.738,0.262,0.756,0.244,0.838,0.162
"58",50747,0.92,0.08,0.786,0.214,0.992,0.008,0.99,0.01,0.978,0.022,0.996,0.004,0.824,0.176,0.844,0.156,0.968,0.032,1,0,0.816,0.184,0.772,0.228,0.79,0.21,0.776,0.224
"59",50753,0.932,0.068,0.752,0.248,0.966,0.034,0.97,0.03,0.876,0.124,0.92,0.08,0.742,0.258,0.732,0.268,0.972,0.028,0.964,0.036,0.698,0.302,0.7,0.3,0.686,0.314,0.712,0.288
"60",50769,0.934,0.066,0.808,0.192,0.99,0.01,0.972,0.028,0.99,0.01,0.982,0.018,0.806,0.194,0.796,0.204,0.98,0.02,0.994,0.006,0.782,0.218,0.816,0.184,0.806,0.194,0.802,0.198
"61",52123,0.92,0.08,0.52,0.48,0.918,0.082,0.974,0.026,0.982,0.018,0.968,0.032,0.714,0.286,0.672,0.328,0.984,0.016,0.998,0.002,0.554,0.446,0.522,0.478,0.588,0.412,0.636,0.364
"62",52133,0.912,0.088,0.416,0.584,0.942,0.058,0.996,0.004,0.992,0.008,0.98,0.02,0.484,0.516,0.452,0.548,0.96,0.04,0.998,0.002,0.346,0.654,0.368,0.632,0.374,0.626,0.45,0.55
"63",52430,0.928,0.072,0.794,0.206,0.998,0.002,0.956,0.044,0.956,0.044,0.992,0.008,0.806,0.194,0.832,0.168,0.968,0.032,0.956,0.044,0.814,0.186,0.842,0.158,0.788,0.212,0.832,0.168
"64",52576,0.774,0.226,0.772,0.228,0.964,0.036,0.996,0.004,0.958,0.042,0.966,0.034,0.828,0.172,0.806,0.194,0.846,0.154,0.996,0.004,0.75,0.25,0.75,0.25,0.768,0.232,0.8,0.2
"65",52582,0.966,0.034,0.79,0.21,0.924,0.076,0.984,0.016,0.99,0.01,0.992,0.008,0.85,0.15,0.83,0.17,0.978,0.022,0.996,0.004,0.81,0.19,0.768,0.232,0.796,0.204,0.82,0.18
"66",52882,0.776,0.224,0.66,0.34,0.982,0.018,0.956,0.044,0.906,0.094,0.952,0.048,0.768,0.232,0.732,0.268,0.86,0.14,0.954,0.046,0.656,0.344,0.652,0.348,0.668,0.332,0.754,0.246
"67",52926,0.716,0.284,0.682,0.318,0.986,0.014,0.982,0.018,0.946,0.054,0.956,0.044,0.822,0.178,0.812,0.188,0.888,0.112,0.996,0.004,0.7,0.3,0.708,0.292,0.684,0.316,0.788,0.212
"68",52928,0.922,0.078,0.502,0.498,0.98,0.02,0.994,0.006,0.986,0.014,0.974,0.026,0.612,0.388,0.59,0.41,0.964,0.036,0.998,0.002,0.47,0.53,0.484,0.516,0.494,0.506,0.58,0.42
"69",53556,0.814,0.186,0.69,0.31,0.95,0.05,0.99,0.01,0.958,0.042,0.928,0.072,0.76,0.24,0.71,0.29,0.86,0.14,0.998,0.002,0.632,0.368,0.69,0.31,0.66,0.34,0.756,0.244
"70",53705,0.742,0.258,0.86,0.14,0.996,0.004,0.978,0.022,0.91,0.09,0.976,0.024,0.942,0.058,0.938,0.062,0.84,0.16,1,0,0.88,0.12,0.878,0.122,0.898,0.102,0.948,0.052
"71",54200,0.888,0.112,0.608,0.392,0.996,0.004,0.918,0.082,0.992,0.008,0.998,0.002,0.746,0.254,0.748,0.252,0.988,0.012,0.996,0.004,0.594,0.406,0.646,0.354,0.614,0.386,0.742,0.258
"72",54210,0.934,0.066,0.762,0.238,1,0,0.976,0.024,0.984,0.016,0.988,0.012,0.802,0.198,0.768,0.232,0.946,0.054,1,0,0.756,0.244,0.764,0.236,0.762,0.238,0.748,0.252
"73",55307,0.938,0.062,0.754,0.246,0.988,0.012,0.954,0.046,0.952,0.048,0.986,0.014,0.742,0.258,0.788,0.212,0.97,0.03,0.998,0.002,0.784,0.216,0.734,0.266,0.762,0.238,0.758,0.242
"74",55512,0.894,0.106,0.688,0.312,0.978,0.022,0.988,0.012,0.978,0.022,0.98,0.02,0.752,0.248,0.712,0.288,0.922,0.078,1,0,0.716,0.284,0.72,0.28,0.696,0.304,0.73,0.27
"75",56554,0.972,0.028,0.764,0.236,0.998,0.002,0.96,0.04,0.994,0.006,0.994,0.006,0.79,0.21,0.782,0.218,0.974,0.026,1,0,0.778,0.222,0.778,0.222,0.788,0.212,0.8,0.2
"76",56703,0.864,0.136,0.734,0.266,0.94,0.06,0.988,0.012,0.98,0.02,0.956,0.044,0.854,0.146,0.798,0.202,0.904,0.096,1,0,0.702,0.298,0.736,0.264,0.754,0.246,0.816,0.184
"77",58339,0.934,0.066,0.776,0.224,0.992,0.008,1,0,0.996,0.004,0.994,0.006,0.82,0.18,0.776,0.224,0.982,0.018,1,0,0.79,0.21,0.786,0.214,0.766,0.234,0.804,0.196
"78",58442,0.926,0.074,0.916,0.084,0.994,0.006,0.986,0.014,0.96,0.04,0.994,0.006,0.938,0.062,0.884,0.116,0.944,0.056,0.992,0.008,0.934,0.066,0.946,0.054,0.934,0.066,0.918,0.082
"79",58455,0.942,0.058,0.602,0.398,0.996,0.004,0.994,0.006,0.994,0.006,0.984,0.016,0.74,0.26,0.704,0.296,0.982,0.018,0.998,0.002,0.596,0.404,0.636,0.364,0.628,0.372,0.698,0.302
"80",58472,0.872,0.128,0.896,0.104,0.988,0.012,0.998,0.002,0.972,0.028,0.988,0.012,0.928,0.072,0.95,0.05,0.908,0.092,0.994,0.006,0.886,0.114,0.878,0.122,0.884,0.116,0.918,0.082
"81",58566,0.762,0.238,0.692,0.308,0.962,0.038,0.982,0.018,0.948,0.052,0.936,0.064,0.802,0.198,0.752,0.248,0.812,0.188,0.996,0.004,0.682,0.318,0.708,0.292,0.704,0.296,0.768,0.232
"82",58948,0.934,0.066,0.738,0.262,0.986,0.014,0.984,0.016,0.976,0.024,0.988,0.012,0.792,0.208,0.78,0.22,0.954,0.046,0.998,0.002,0.74,0.26,0.742,0.258,0.724,0.276,0.804,0.196
"83",60218,0.896,0.104,0.702,0.298,0.98,0.02,0.96,0.04,0.982,0.018,0.988,0.012,0.806,0.194,0.756,0.244,0.962,0.038,0.998,0.002,0.706,0.294,0.704,0.296,0.734,0.266,0.778,0.222
"84",60225,0.964,0.036,0.816,0.184,0.99,0.01,0.974,0.026,0.992,0.008,0.992,0.008,0.854,0.146,0.86,0.14,0.986,0.014,0.994,0.006,0.836,0.164,0.804,0.196,0.802,0.198,0.874,0.126
"85",60679,0.938,0.062,0.716,0.284,0.99,0.01,0.942,0.058,0.972,0.028,0.992,0.008,0.782,0.218,0.766,0.234,0.968,0.032,0.98,0.02,0.774,0.226,0.74,0.26,0.696,0.304,0.782,0.218
"86",61097,0.904,0.096,0.762,0.238,0.982,0.018,0.982,0.018,0.966,0.034,0.972,0.028,0.85,0.15,0.832,0.168,0.954,0.046,0.998,0.002,0.756,0.244,0.744,0.256,0.762,0.238,0.814,0.186
"87",61674,0.856,0.144,0.612,0.388,0.986,0.014,0.958,0.042,0.974,0.026,0.988,0.012,0.726,0.274,0.644,0.356,0.93,0.07,0.994,0.006,0.574,0.426,0.596,0.404,0.588,0.412,0.686,0.314
"88",61724,0.844,0.156,0.718,0.282,0.95,0.05,0.992,0.008,0.958,0.042,0.982,0.018,0.75,0.25,0.722,0.278,0.878,0.122,0.982,0.018,0.706,0.294,0.71,0.29,0.726,0.274,0.734,0.266
"89",61775,0.824,0.176,0.678,0.322,0.932,0.068,0.976,0.024,0.936,0.064,0.956,0.044,0.678,0.322,0.66,0.34,0.892,0.108,0.986,0.014,0.646,0.354,0.65,0.35,0.652,0.348,0.696,0.304
"90",62111,0.976,0.024,0.74,0.26,0.948,0.052,0.978,0.022,0.998,0.002,0.982,0.018,0.81,0.19,0.774,0.226,0.98,0.02,1,0,0.704,0.296,0.74,0.26,0.718,0.282,0.788,0.212
"91",62602,0.796,0.204,0.818,0.182,0.99,0.01,0.992,0.008,0.968,0.032,0.96,0.04,0.86,0.14,0.828,0.172,0.81,0.19,1,0,0.778,0.222,0.792,0.208,0.842,0.158,0.852,0.148
"92",62690,0.972,0.028,0.826,0.174,0.986,0.014,0.978,0.022,0.982,0.018,0.984,0.016,0.82,0.18,0.842,0.158,0.964,0.036,0.994,0.006,0.82,0.18,0.832,0.168,0.832,0.168,0.852,0.148
"93",63349,0.732,0.268,0.7,0.3,0.934,0.066,0.988,0.012,0.89,0.11,0.954,0.046,0.832,0.168,0.798,0.202,0.804,0.196,0.992,0.008,0.676,0.324,0.736,0.264,0.756,0.244,0.788,0.212
"94",63578,0.742,0.258,0.806,0.194,0.986,0.014,0.966,0.034,0.962,0.038,0.992,0.008,0.83,0.17,0.8,0.2,0.788,0.212,0.994,0.006,0.756,0.244,0.782,0.218,0.78,0.22,0.83,0.17
"95",96171,0.97,0.03,0.88,0.12,0.998,0.002,0.992,0.008,0.982,0.018,0.996,0.004,0.894,0.106,0.888,0.112,0.98,0.02,1,0,0.88,0.12,0.884,0.116,0.88,0.12,0.9,0.1
"96",100490,0.946,0.054,0.846,0.154,0.988,0.012,0.996,0.004,0.982,0.018,0.964,0.036,0.896,0.104,0.87,0.13,0.95,0.05,0.998,0.002,0.826,0.174,0.82,0.18,0.82,0.18,0.862,0.138
"97",102193,0.932,0.068,0.74,0.26,0.98,0.02,0.98,0.02,0.95,0.05,0.974,0.026,0.778,0.222,0.72,0.28,0.976,0.024,0.97,0.03,0.73,0.27,0.714,0.286,0.714,0.286,0.734,0.266
"98",119769,0.918,0.082,0.648,0.352,0.966,0.034,0.988,0.012,0.996,0.004,0.97,0.03,0.702,0.298,0.676,0.324,0.938,0.062,1,0,0.602,0.398,0.632,0.368,0.598,0.402,0.688,0.312
"99",122255,0.92,0.08,0.724,0.276,0.97,0.03,0.954,0.046,0.976,0.024,1,0,0.818,0.182,0.726,0.274,0.96,0.04,0.998,0.002,0.78,0.22,0.758,0.242,0.744,0.256,0.74,0.26
"100",142931,0.992,0.008,0.468,0.532,0.98,0.02,0.996,0.004,1,0,0.998,0.002,0.494,0.506,0.478,0.522,1,0,1,0,0.49,0.51,0.48,0.52,0.5,0.5,0.51,0.49
"101",153820,0.794,0.206,0.864,0.136,0.93,0.07,0.98,0.02,0.958,0.042,0.96,0.04,0.852,0.148,0.866,0.134,0.842,0.158,0.978,0.022,0.844,0.156,0.834,0.166,0.88,0.12,0.846,0.154
"102",154846,0.786,0.214,0.806,0.194,0.998,0.002,0.996,0.004,0.942,0.058,0.972,0.028,0.906,0.094,0.834,0.166,0.888,0.112,1,0,0.772,0.228,0.788,0.212,0.766,0.234,0.878,0.122
"103",176181,0.914,0.086,0.94,0.06,0.998,0.002,0.99,0.01,0.98,0.02,0.992,0.008,0.934,0.066,0.922,0.078,0.992,0.008,0.992,0.008,0.924,0.076,0.918,0.082,0.912,0.088,0.928,0.072
"104",182395,0.97,0.03,0.68,0.32,0.964,0.036,0.998,0.002,0.99,0.01,0.988,0.012,0.66,0.34,0.666,0.334,0.946,0.054,1,0,0.686,0.314,0.614,0.386,0.67,0.33,0.672,0.328
"105",183526,0.944,0.056,0.718,0.282,1,0,0.974,0.026,0.998,0.002,0.992,0.008,0.764,0.236,0.736,0.264,0.972,0.028,1,0,0.742,0.258,0.712,0.288,0.716,0.284,0.748,0.252
"106",185987,0.95,0.05,0.642,0.358,0.966,0.034,0.992,0.008,0.99,0.01,0.992,0.008,0.63,0.37,0.68,0.32,0.976,0.024,1,0,0.67,0.33,0.648,0.352,0.654,0.346,0.68,0.32
"107",199337,0.956,0.044,0.854,0.146,1,0,0.994,0.006,0.998,0.002,1,0,0.884,0.116,0.838,0.162,0.97,0.03,1,0,0.832,0.168,0.846,0.154,0.822,0.178,0.856,0.144
"108",215497,0.938,0.062,0.634,0.366,0.968,0.032,0.986,0.014,0.99,0.01,0.982,0.018,0.704,0.296,0.69,0.31,0.97,0.03,0.986,0.014,0.63,0.37,0.624,0.376,0.636,0.364,0.672,0.328
"109",255961,0.938,0.062,0.846,0.154,0.982,0.018,0.976,0.024,0.96,0.04,0.972,0.028,0.874,0.126,0.87,0.13,0.952,0.048,0.974,0.026,0.858,0.142,0.83,0.17,0.828,0.172,0.902,0.098
"110",267119,0.922,0.078,0.73,0.27,0.926,0.074,0.94,0.06,0.982,0.018,0.978,0.022,0.766,0.234,0.76,0.24,0.952,0.048,0.992,0.008,0.74,0.26,0.728,0.272,0.732,0.268,0.75,0.25
"111",272805,0.944,0.056,0.928,0.072,0.998,0.002,0.994,0.006,0.98,0.02,1,0,0.952,0.048,0.958,0.042,0.97,0.03,1,0,0.97,0.03,0.944,0.056,0.936,0.064,0.958,0.042
"112",277354,0.974,0.026,0.864,0.136,0.996,0.004,0.998,0.002,0.988,0.012,0.994,0.006,0.872,0.128,0.86,0.14,0.99,0.01,0.998,0.002,0.868,0.132,0.892,0.108,0.906,0.094,0.884,0.116
"113",290356,0.78,0.22,0.858,0.142,0.98,0.02,0.958,0.042,0.986,0.014,0.988,0.012,0.92,0.08,0.882,0.118,0.746,0.254,0.992,0.008,0.812,0.188,0.852,0.148,0.806,0.194,0.884,0.116
"114",340501,0.806,0.194,0.686,0.314,0.996,0.004,0.976,0.024,0.958,0.042,0.95,0.05,0.776,0.224,0.802,0.198,0.884,0.116,0.986,0.014,0.722,0.278,0.718,0.282,0.696,0.304,0.82,0.18
"115",345041,0.77,0.23,0.688,0.312,0.976,0.024,0.992,0.008,0.906,0.094,0.944,0.056,0.76,0.24,0.748,0.252,0.832,0.168,0.99,0.01,0.686,0.314,0.654,0.346,0.646,0.354,0.79,0.21
"116",345712,0.956,0.044,0.784,0.216,0.994,0.006,1,0,1,0,0.994,0.006,0.82,0.18,0.802,0.198,0.96,0.04,0.996,0.004,0.752,0.248,0.758,0.242,0.754,0.246,0.738,0.262
"117",347775,0.962,0.038,0.82,0.18,0.986,0.014,0.972,0.028,0.976,0.024,0.984,0.016,0.842,0.158,0.85,0.15,0.97,0.03,0.98,0.02,0.822,0.178,0.82,0.18,0.814,0.186,0.85,0.15
"118",347812,0.914,0.086,0.698,0.302,0.982,0.018,0.974,0.026,0.974,0.026,0.92,0.08,0.718,0.282,0.734,0.266,0.96,0.04,0.984,0.016,0.698,0.302,0.684,0.316,0.664,0.336,0.726,0.274
"119",347813,0.83,0.17,0.76,0.24,0.98,0.02,0.986,0.014,0.988,0.012,0.978,0.022,0.82,0.18,0.802,0.198,0.854,0.146,0.994,0.006,0.716,0.284,0.73,0.27,0.758,0.242,0.816,0.184
"120",348633,0.81,0.19,0.676,0.324,0.982,0.018,0.976,0.024,0.932,0.068,0.954,0.046,0.8,0.2,0.734,0.266,0.918,0.082,0.994,0.006,0.696,0.304,0.682,0.318,0.676,0.324,0.724,0.276
"121",348990,0.898,0.102,0.684,0.316,0.984,0.016,0.966,0.034,0.952,0.048,0.974,0.026,0.71,0.29,0.696,0.304,0.936,0.064,0.99,0.01,0.668,0.332,0.672,0.328,0.662,0.338,0.708,0.292
"122",348991,0.836,0.164,0.606,0.394,0.96,0.04,0.976,0.024,0.96,0.04,0.934,0.066,0.636,0.364,0.572,0.428,0.924,0.076,0.982,0.018,0.54,0.46,0.57,0.43,0.566,0.434,0.598,0.402
"123",348992,0.914,0.086,0.656,0.344,0.992,0.008,0.974,0.026,0.974,0.026,0.98,0.02,0.662,0.338,0.666,0.334,0.972,0.028,0.998,0.002,0.636,0.364,0.608,0.392,0.614,0.386,0.592,0.408
"124",348997,0.86,0.14,0.696,0.304,0.974,0.026,0.984,0.016,0.932,0.068,0.96,0.04,0.742,0.258,0.748,0.252,0.96,0.04,0.992,0.008,0.718,0.282,0.718,0.282,0.68,0.32,0.698,0.302
"125",349002,0.802,0.198,0.704,0.296,0.94,0.06,0.996,0.004,0.986,0.014,0.954,0.046,0.816,0.184,0.766,0.234,0.876,0.124,0.994,0.006,0.678,0.322,0.69,0.31,0.678,0.322,0.804,0.196
"126",349006,0.898,0.102,0.46,0.54,0.986,0.014,0.974,0.026,0.944,0.056,0.936,0.064,0.54,0.46,0.49,0.51,0.98,0.02,0.992,0.008,0.476,0.524,0.476,0.524,0.522,0.478,0.5,0.5
"127",350548,0.854,0.146,0.71,0.29,0.98,0.02,0.98,0.02,0.96,0.04,0.92,0.08,0.832,0.168,0.786,0.214,0.97,0.03,0.996,0.004,0.736,0.264,0.744,0.256,0.764,0.236,0.774,0.226
"128",351043,0.962,0.038,0.75,0.25,0.982,0.018,0.954,0.046,0.99,0.01,0.976,0.024,0.758,0.242,0.716,0.284,0.974,0.026,0.99,0.01,0.74,0.26,0.714,0.286,0.716,0.284,0.792,0.208
"129",362063,0.71,0.29,0.826,0.174,0.996,0.004,0.976,0.024,0.962,0.038,0.912,0.088,0.896,0.104,0.854,0.146,0.882,0.118,1,0,0.83,0.17,0.83,0.17,0.836,0.164,0.862,0.138
"130",362207,0.914,0.086,0.828,0.172,0.992,0.008,0.996,0.004,0.994,0.006,0.98,0.02,0.862,0.138,0.83,0.17,0.938,0.062,0.998,0.002,0.836,0.164,0.86,0.14,0.836,0.164,0.866,0.134
"131",362338,0.92,0.08,0.784,0.216,0.996,0.004,0.976,0.024,0.958,0.042,0.976,0.024,0.854,0.146,0.85,0.15,0.956,0.044,0.99,0.01,0.752,0.248,0.75,0.25,0.758,0.242,0.846,0.154
"132",362342,0.684,0.316,0.664,0.336,0.93,0.07,0.93,0.07,0.854,0.146,0.906,0.094,0.832,0.168,0.834,0.166,0.738,0.262,0.992,0.008,0.68,0.32,0.636,0.364,0.72,0.28,0.812,0.188
"133",374747,0.932,0.068,0.866,0.134,0.966,0.034,0.992,0.008,0.998,0.002,0.986,0.014,0.904,0.096,0.884,0.116,0.946,0.054,1,0,0.882,0.118,0.878,0.122,0.872,0.128,0.896,0.104
"134",374749,0.872,0.128,0.474,0.526,0.962,0.038,0.978,0.022,0.954,0.046,0.97,0.03,0.594,0.406,0.582,0.418,0.94,0.06,0.986,0.014,0.474,0.526,0.48,0.52,0.496,0.504,0.586,0.414
"135",374750,0.9,0.1,0.782,0.218,0.918,0.082,0.988,0.012,0.986,0.014,0.964,0.036,0.85,0.15,0.822,0.178,0.942,0.058,0.994,0.006,0.794,0.206,0.738,0.262,0.762,0.238,0.802,0.198
"136",374755,0.97,0.03,0.892,0.108,0.988,0.012,0.93,0.07,0.982,0.018,0.99,0.01,0.928,0.072,0.89,0.11,0.976,0.024,0.99,0.01,0.91,0.09,0.866,0.134,0.874,0.126,0.862,0.138
"137",375219,0.918,0.082,0.782,0.218,0.948,0.052,0.986,0.014,0.96,0.04,0.974,0.026,0.882,0.118,0.836,0.164,0.944,0.056,0.976,0.024,0.748,0.252,0.782,0.218,0.8,0.2,0.87,0.13
"138",375256,0.87,0.13,0.82,0.18,0.99,0.01,0.924,0.076,0.968,0.032,0.958,0.042,0.828,0.172,0.824,0.176,0.95,0.05,0.992,0.008,0.822,0.178,0.81,0.19,0.832,0.168,0.86,0.14
"139",375264,0.832,0.168,0.834,0.166,0.996,0.004,0.95,0.05,0.954,0.046,0.99,0.01,0.884,0.116,0.862,0.138,0.89,0.11,0.994,0.006,0.856,0.144,0.848,0.152,0.858,0.142,0.838,0.162
"140",375354,0.94,0.06,0.866,0.134,0.964,0.036,0.99,0.01,0.986,0.014,0.976,0.024,0.892,0.108,0.892,0.108,0.966,0.034,0.996,0.004,0.86,0.14,0.85,0.15,0.874,0.126,0.894,0.106
"141",375366,0.954,0.046,0.14,0.86,0.998,0.002,0.982,0.018,0.978,0.022,0.994,0.006,0.14,0.86,0.146,0.854,0.992,0.008,0.982,0.018,0.134,0.866,0.158,0.842,0.12,0.88,0.14,0.86
"142",375390,0.892,0.108,0.64,0.36,0.966,0.034,0.998,0.002,0.958,0.042,0.966,0.034,0.766,0.234,0.722,0.278,0.96,0.04,1,0,0.64,0.36,0.678,0.322,0.666,0.334,0.748,0.252
"143",375395,0.894,0.106,0.79,0.21,0.974,0.026,0.974,0.026,0.954,0.046,0.998,0.002,0.854,0.146,0.86,0.14,0.974,0.026,0.972,0.028,0.796,0.204,0.822,0.178,0.788,0.212,0.868,0.132
"144",375435,0.954,0.046,0.786,0.214,0.996,0.004,0.932,0.068,0.992,0.008,0.99,0.01,0.77,0.23,0.778,0.222,0.982,0.018,0.984,0.016,0.742,0.258,0.786,0.214,0.756,0.244,0.756,0.244
"145",375447,0.77,0.23,0.778,0.222,0.986,0.014,0.974,0.026,0.958,0.042,0.978,0.022,0.878,0.122,0.876,0.124,0.86,0.14,1,0,0.824,0.176,0.798,0.202,0.778,0.222,0.898,0.102
"146",375487,0.81,0.19,0.72,0.28,0.964,0.036,0.996,0.004,0.912,0.088,0.958,0.042,0.794,0.206,0.772,0.228,0.954,0.046,1,0,0.736,0.264,0.756,0.244,0.768,0.232,0.794,0.206
"147",375492,0.966,0.034,0.838,0.162,1,0,0.988,0.012,0.996,0.004,1,0,0.808,0.192,0.836,0.164,0.966,0.034,1,0,0.818,0.182,0.858,0.142,0.822,0.178,0.828,0.172
"148",375496,0.954,0.046,0.882,0.118,1,0,0.944,0.056,0.954,0.046,0.996,0.004,0.898,0.102,0.896,0.104,0.976,0.024,0.992,0.008,0.89,0.11,0.872,0.128,0.884,0.116,0.864,0.136
"149",375560,0.9,0.1,0.614,0.386,0.966,0.034,0.984,0.016,0.98,0.02,0.984,0.016,0.752,0.248,0.666,0.334,0.962,0.038,0.992,0.008,0.588,0.412,0.56,0.44,0.642,0.358,0.674,0.326
"150",375562,0.894,0.106,0.826,0.174,0.992,0.008,0.954,0.046,0.972,0.028,0.952,0.048,0.832,0.168,0.832,0.168,0.944,0.056,0.992,0.008,0.824,0.176,0.812,0.188,0.832,0.168,0.872,0.128
"151",375564,0.952,0.048,0.624,0.376,0.982,0.018,0.968,0.032,0.972,0.028,0.984,0.016,0.628,0.372,0.694,0.306,0.966,0.034,0.996,0.004,0.636,0.364,0.664,0.336,0.642,0.358,0.68,0.32
"152",375582,0.972,0.028,0.852,0.148,0.972,0.028,0.994,0.006,0.998,0.002,0.988,0.012,0.854,0.146,0.888,0.112,0.982,0.018,0.998,0.002,0.794,0.206,0.858,0.142,0.8,0.2,0.852,0.148
"153",375594,0.926,0.074,0.708,0.292,0.984,0.016,0.98,0.02,1,0,0.992,0.008,0.76,0.24,0.704,0.296,0.978,0.022,1,0,0.682,0.318,0.634,0.366,0.674,0.326,0.708,0.292
"154",375596,0.97,0.03,0.888,0.112,0.996,0.004,0.998,0.002,1,0,1,0,0.872,0.128,0.912,0.088,0.994,0.006,1,0,0.91,0.09,0.896,0.104,0.88,0.12,0.91,0.09
"155",375637,0.938,0.062,0.804,0.196,0.99,0.01,0.97,0.03,0.988,0.012,0.98,0.02,0.78,0.22,0.862,0.138,0.962,0.038,0.992,0.008,0.798,0.202,0.78,0.22,0.83,0.17,0.814,0.186
"156",376307,0.858,0.142,0.812,0.188,0.98,0.02,0.966,0.034,0.988,0.012,0.978,0.022,0.9,0.1,0.88,0.12,0.878,0.122,0.994,0.006,0.846,0.154,0.822,0.178,0.796,0.204,0.864,0.136
"157",376693,0.87,0.13,0.622,0.378,0.996,0.004,0.964,0.036,0.998,0.002,0.928,0.072,0.62,0.38,0.598,0.402,0.944,0.056,0.994,0.006,0.57,0.43,0.572,0.428,0.59,0.41,0.584,0.416
"158",377381,0.954,0.046,0.838,0.162,0.98,0.02,0.992,0.008,0.984,0.016,0.988,0.012,0.854,0.146,0.848,0.152,0.984,0.016,1,0,0.832,0.168,0.81,0.19,0.858,0.142,0.86,0.14
"159",385240,0.9,0.1,0.83,0.17,1,0,0.986,0.014,0.994,0.006,0.992,0.008,0.85,0.15,0.858,0.142,0.968,0.032,1,0,0.832,0.168,0.84,0.16,0.826,0.174,0.834,0.166
"160",387472,0.898,0.102,0.754,0.246,0.964,0.036,0.99,0.01,0.976,0.024,0.952,0.048,0.784,0.216,0.764,0.236,0.936,0.064,0.992,0.008,0.746,0.254,0.738,0.262,0.772,0.228,0.804,0.196
"161",389297,0.882,0.118,0.81,0.19,0.986,0.014,0.956,0.044,0.966,0.034,0.98,0.02,0.876,0.124,0.85,0.15,0.916,0.084,0.99,0.01,0.85,0.15,0.804,0.196,0.78,0.22,0.842,0.158
"162",397964,0.928,0.072,0.818,0.182,0.974,0.026,0.992,0.008,0.986,0.014,0.984,0.016,0.9,0.1,0.874,0.126,0.932,0.068,1,0,0.828,0.172,0.822,0.178,0.858,0.142,0.906,0.094
"163",401251,0.894,0.106,0.78,0.22,0.958,0.042,0.974,0.026,0.96,0.04,0.95,0.05,0.76,0.24,0.756,0.244,0.896,0.104,0.958,0.042,0.75,0.25,0.722,0.278,0.758,0.242,0.764,0.236
"164",402775,0.904,0.096,0.814,0.186,0.974,0.026,0.99,0.01,0.984,0.016,0.98,0.02,0.882,0.118,0.862,0.138,0.93,0.07,0.994,0.006,0.804,0.196,0.82,0.18,0.83,0.17,0.856,0.144
"165",404070,0.844,0.156,0.79,0.21,0.99,0.01,0.998,0.002,0.98,0.02,0.926,0.074,0.89,0.11,0.844,0.156,0.92,0.08,0.998,0.002,0.788,0.212,0.824,0.176,0.786,0.214,0.854,0.146
"166",404452,0.868,0.132,0.784,0.216,0.976,0.024,0.998,0.002,0.982,0.018,0.972,0.028,0.866,0.134,0.836,0.164,0.89,0.11,0.998,0.002,0.738,0.262,0.768,0.232,0.754,0.246,0.848,0.152
"167",404566,0.894,0.106,0.78,0.22,0.958,0.042,0.974,0.026,0.96,0.04,0.95,0.05,0.76,0.24,0.756,0.244,0.896,0.104,0.958,0.042,0.75,0.25,0.722,0.278,0.758,0.242,0.764,0.236
"168",410270,0.934,0.066,0.81,0.19,0.984,0.016,0.994,0.006,0.99,0.01,0.976,0.024,0.888,0.112,0.844,0.156,0.922,0.078,0.998,0.002,0.794,0.206,0.792,0.208,0.812,0.188,0.85,0.15
"169",410703,0.912,0.088,0.894,0.106,0.98,0.02,0.996,0.004,0.996,0.004,0.98,0.02,0.944,0.056,0.918,0.082,0.928,0.072,1,0,0.91,0.09,0.932,0.068,0.894,0.106,0.936,0.064
"170",411714,0.936,0.064,0.844,0.156,0.99,0.01,0.996,0.004,0.992,0.008,0.97,0.03,0.856,0.144,0.906,0.094,0.96,0.04,0.998,0.002,0.808,0.192,0.85,0.15,0.824,0.176,0.866,0.134
"171",411716,0.85,0.15,0.48,0.52,0.962,0.038,0.956,0.044,0.974,0.026,0.944,0.056,0.546,0.454,0.518,0.482,0.92,0.08,0.992,0.008,0.496,0.504,0.486,0.514,0.496,0.504,0.518,0.482
"172",411717,0.866,0.134,0.726,0.274,0.976,0.024,0.986,0.014,0.968,0.032,0.976,0.024,0.788,0.212,0.76,0.24,0.9,0.1,0.998,0.002,0.714,0.286,0.74,0.26,0.702,0.298,0.766,0.234
"173",411719,0.89,0.11,0.89,0.11,0.994,0.006,0.986,0.014,0.984,0.016,0.998,0.002,0.926,0.074,0.926,0.074,0.902,0.098,1,0,0.862,0.138,0.898,0.102,0.878,0.122,0.93,0.07
"174",411720,0.97,0.03,0.902,0.098,0.99,0.01,0.99,0.01,0.99,0.01,0.996,0.004,0.906,0.094,0.91,0.09,0.984,0.016,0.996,0.004,0.87,0.13,0.898,0.102,0.894,0.106,0.914,0.086
"175",411722,0.732,0.268,0.812,0.188,0.994,0.006,0.992,0.008,0.984,0.016,0.968,0.032,0.902,0.098,0.826,0.174,0.812,0.188,0.996,0.004,0.824,0.176,0.808,0.192,0.798,0.202,0.88,0.12
"176",411724,0.82,0.18,0.618,0.382,0.948,0.052,0.978,0.022,0.944,0.056,0.974,0.026,0.644,0.356,0.652,0.348,0.928,0.072,0.968,0.032,0.632,0.368,0.652,0.348,0.616,0.384,0.692,0.308
"177",411726,0.94,0.06,0.92,0.08,0.992,0.008,0.998,0.002,0.988,0.012,0.99,0.01,0.936,0.064,0.924,0.076,0.936,0.064,0.996,0.004,0.914,0.086,0.914,0.086,0.914,0.086,0.916,0.084
"178",411727,0.878,0.122,0.404,0.596,0.864,0.136,0.988,0.012,0.986,0.014,0.97,0.03,0.482,0.518,0.424,0.576,0.956,0.044,1,0,0.396,0.604,0.376,0.624,0.414,0.586,0.416,0.584
"179",411731,0.882,0.118,0.476,0.524,0.972,0.028,0.944,0.056,0.982,0.018,0.984,0.016,0.546,0.454,0.504,0.496,0.882,0.118,0.996,0.004,0.502,0.498,0.502,0.498,0.492,0.508,0.532,0.468
"180",411733,0.928,0.072,0.732,0.268,0.974,0.026,0.976,0.024,1,0,0.994,0.006,0.782,0.218,0.766,0.234,0.95,0.05,1,0,0.742,0.258,0.72,0.28,0.752,0.248,0.754,0.246
"181",411734,0.936,0.064,0.612,0.388,0.98,0.02,0.984,0.016,0.994,0.006,0.972,0.028,0.636,0.364,0.666,0.334,0.94,0.06,0.998,0.002,0.662,0.338,0.632,0.368,0.65,0.35,0.686,0.314
"182",411737,0.952,0.048,0.818,0.182,0.978,0.022,0.976,0.024,0.988,0.012,0.988,0.012,0.876,0.124,0.86,0.14,0.956,0.044,0.992,0.008,0.844,0.156,0.824,0.176,0.83,0.17,0.866,0.134
"183",411738,0.606,0.394,0.58,0.42,0.9,0.1,0.888,0.112,0.86,0.14,0.872,0.128,0.636,0.364,0.61,0.39,0.752,0.248,0.994,0.006,0.57,0.43,0.554,0.446,0.602,0.398,0.61,0.39
"184",411739,0.95,0.05,0.776,0.224,0.976,0.024,0.966,0.034,0.956,0.044,0.99,0.01,0.768,0.232,0.814,0.186,0.978,0.022,0.986,0.014,0.762,0.238,0.784,0.216,0.768,0.232,0.794,0.206
"185",411742,0.884,0.116,0.654,0.346,0.978,0.022,0.898,0.102,0.952,0.048,0.992,0.008,0.69,0.31,0.676,0.324,0.924,0.076,0.966,0.034,0.706,0.294,0.62,0.38,0.668,0.332,0.69,0.31
"186",411749,0.93,0.07,0.878,0.122,0.994,0.006,0.98,0.02,0.976,0.024,0.986,0.014,0.928,0.072,0.894,0.106,0.95,0.05,1,0,0.874,0.126,0.88,0.12,0.89,0.11,0.874,0.126
"187",411770,0.928,0.072,0.832,0.168,0.988,0.012,0.998,0.002,0.984,0.016,0.982,0.018,0.844,0.156,0.828,0.172,0.94,0.06,0.996,0.004,0.854,0.146,0.84,0.16,0.806,0.194,0.87,0.13
"188",411774,0.874,0.126,0.744,0.256,0.982,0.018,0.988,0.012,0.96,0.04,0.968,0.032,0.8,0.2,0.766,0.234,0.928,0.072,0.998,0.002,0.766,0.234,0.792,0.208,0.768,0.232,0.802,0.198
"189",411792,0.924,0.076,0.88,0.12,0.982,0.018,0.998,0.002,0.996,0.004,0.946,0.054,0.88,0.12,0.89,0.11,0.996,0.004,1,0,0.874,0.126,0.86,0.14,0.842,0.158,0.912,0.088
"190",411805,0.95,0.05,0.708,0.292,0.998,0.002,0.988,0.012,0.998,0.002,0.998,0.002,0.69,0.31,0.734,0.266,0.984,0.016,1,0,0.726,0.274,0.68,0.32,0.702,0.298,0.75,0.25
"191",411808,0.806,0.194,0.634,0.366,0.978,0.022,0.976,0.024,0.92,0.08,0.964,0.036,0.748,0.252,0.744,0.256,0.836,0.164,0.986,0.014,0.672,0.328,0.67,0.33,0.69,0.31,0.792,0.208
"192",411809,0.936,0.064,0.87,0.13,0.984,0.016,0.986,0.014,0.978,0.022,0.972,0.028,0.894,0.106,0.876,0.124,0.938,0.062,0.996,0.004,0.884,0.116,0.862,0.138,0.882,0.118,0.888,0.112
"193",411814,0.942,0.058,0.652,0.348,0.974,0.026,0.988,0.012,0.994,0.006,0.956,0.044,0.746,0.254,0.698,0.302,0.988,0.012,1,0,0.622,0.378,0.652,0.348,0.628,0.372,0.7,0.3
"194",411815,0.84,0.16,0.686,0.314,0.98,0.02,0.98,0.02,0.964,0.036,0.944,0.056,0.726,0.274,0.69,0.31,0.924,0.076,0.992,0.008,0.65,0.35,0.68,0.32,0.646,0.354,0.704,0.296
"195",411816,0.902,0.098,0.842,0.158,0.978,0.022,0.984,0.016,0.968,0.032,0.966,0.034,0.886,0.114,0.864,0.136,0.924,0.076,0.97,0.03,0.844,0.156,0.824,0.176,0.842,0.158,0.864,0.136
"196",411820,0.918,0.082,0.826,0.174,0.986,0.014,0.982,0.018,0.966,0.034,0.986,0.014,0.864,0.136,0.876,0.124,0.946,0.054,0.988,0.012,0.83,0.17,0.782,0.218,0.814,0.186,0.898,0.102
"197",411824,0.866,0.134,0.91,0.09,1,0,0.968,0.032,0.966,0.034,0.972,0.028,0.968,0.032,0.958,0.042,0.922,0.078,1,0,0.918,0.082,0.9,0.1,0.94,0.06,0.936,0.064
"198",411827,0.906,0.094,0.418,0.582,0.982,0.018,0.924,0.076,0.958,0.042,0.97,0.03,0.446,0.554,0.462,0.538,0.962,0.038,0.992,0.008,0.424,0.576,0.4,0.6,0.472,0.528,0.42,0.58
"199",411831,0.974,0.026,0.782,0.218,0.998,0.002,0.994,0.006,1,0,0.998,0.002,0.804,0.196,0.768,0.232,0.966,0.034,1,0,0.784,0.216,0.766,0.234,0.81,0.19,0.75,0.25
"200",411832,0.826,0.174,0.82,0.18,0.986,0.014,0.996,0.004,0.976,0.024,0.994,0.006,0.898,0.102,0.848,0.152,0.818,0.182,1,0,0.778,0.222,0.778,0.222,0.808,0.192,0.87,0.13
"201",411833,0.878,0.122,0.5,0.5,0.964,0.036,0.974,0.026,0.938,0.062,0.952,0.048,0.588,0.412,0.592,0.408,0.93,0.07,0.992,0.008,0.466,0.534,0.53,0.47,0.534,0.466,0.596,0.404
"202",411843,0.844,0.156,0.602,0.398,0.974,0.026,0.986,0.014,0.944,0.056,0.94,0.06,0.614,0.386,0.618,0.382,0.944,0.056,0.998,0.002,0.606,0.394,0.592,0.408,0.62,0.38,0.652,0.348
"203",411856,0.984,0.016,0.9,0.1,0.986,0.014,0.984,0.016,0.982,0.018,0.98,0.02,0.962,0.038,0.95,0.05,0.976,0.024,0.992,0.008,0.888,0.112,0.89,0.11,0.934,0.066,0.94,0.06
"204",411859,0.896,0.104,0.702,0.298,0.984,0.016,0.982,0.018,0.978,0.022,0.958,0.042,0.806,0.194,0.782,0.218,0.93,0.07,0.996,0.004,0.688,0.312,0.692,0.308,0.674,0.326,0.756,0.244
"205",411863,0.978,0.022,0.862,0.138,0.992,0.008,0.978,0.022,0.982,0.018,0.986,0.014,0.852,0.148,0.868,0.132,0.982,0.018,0.992,0.008,0.854,0.146,0.876,0.124,0.856,0.144,0.872,0.128
"206",411865,0.91,0.09,0.424,0.576,0.988,0.012,0.972,0.028,0.978,0.022,0.986,0.014,0.534,0.466,0.492,0.508,0.96,0.04,0.998,0.002,0.44,0.56,0.446,0.554,0.44,0.56,0.464,0.536
"207",411867,0.914,0.086,0.944,0.056,0.998,0.002,0.984,0.016,0.972,0.028,0.994,0.006,0.958,0.042,0.956,0.044,0.942,0.058,0.98,0.02,0.92,0.08,0.932,0.068,0.904,0.096,0.96,0.04
"208",411869,0.852,0.148,0.768,0.232,0.958,0.042,0.982,0.018,0.984,0.016,0.956,0.044,0.844,0.156,0.782,0.218,0.878,0.122,0.996,0.004,0.754,0.246,0.782,0.218,0.782,0.218,0.804,0.196
"209",411874,0.924,0.076,0.678,0.322,0.966,0.034,0.952,0.048,0.992,0.008,0.944,0.056,0.74,0.26,0.704,0.296,0.962,0.038,0.996,0.004,0.666,0.334,0.652,0.348,0.7,0.3,0.716,0.284
"210",414479,0.914,0.086,0.846,0.154,0.978,0.022,0.984,0.016,0.98,0.02,0.992,0.008,0.844,0.156,0.908,0.092,0.948,0.052,0.996,0.004,0.846,0.154,0.808,0.192,0.838,0.162,0.882,0.118
"211",415688,0.93,0.07,0.894,0.106,0.988,0.012,0.994,0.006,0.972,0.028,0.978,0.022,0.924,0.076,0.92,0.08,0.946,0.054,0.998,0.002,0.864,0.136,0.858,0.142,0.874,0.126,0.916,0.084
"212",416775,0.838,0.162,0.728,0.272,0.968,0.032,0.94,0.06,0.974,0.026,0.98,0.02,0.706,0.294,0.764,0.236,0.942,0.058,0.992,0.008,0.726,0.274,0.738,0.262,0.758,0.242,0.774,0.226
"213",416777,0.9,0.1,0.814,0.186,0.968,0.032,0.988,0.012,0.99,0.01,0.976,0.024,0.858,0.142,0.822,0.178,0.954,0.046,1,0,0.816,0.184,0.794,0.206,0.764,0.236,0.84,0.16
"214",416842,0.956,0.044,0.87,0.13,0.99,0.01,0.992,0.008,0.99,0.01,0.996,0.004,0.916,0.084,0.938,0.062,0.964,0.036,1,0,0.878,0.122,0.876,0.124,0.894,0.106,0.93,0.07
"215",417098,0.89,0.11,0.72,0.28,0.97,0.03,0.984,0.016,0.984,0.016,0.986,0.014,0.788,0.212,0.8,0.2,0.906,0.094,0.996,0.004,0.74,0.26,0.754,0.246,0.722,0.278,0.804,0.196
"216",417262,0.892,0.108,0.872,0.128,0.968,0.032,0.956,0.044,0.94,0.06,0.968,0.032,0.906,0.094,0.914,0.086,0.944,0.056,0.932,0.068,0.842,0.158,0.844,0.156,0.882,0.118,0.9,0.1
"217",417415,0.916,0.084,0.494,0.506,0.974,0.026,0.982,0.018,0.978,0.022,0.956,0.044,0.572,0.428,0.542,0.458,0.964,0.036,0.984,0.016,0.518,0.482,0.484,0.516,0.51,0.49,0.55,0.45
"218",417416,0.928,0.072,0.742,0.258,0.99,0.01,0.956,0.044,0.976,0.024,0.978,0.022,0.79,0.21,0.742,0.258,0.958,0.042,0.994,0.006,0.736,0.264,0.744,0.256,0.746,0.254,0.732,0.268
"219",417417,0.928,0.072,0.742,0.258,0.99,0.01,0.956,0.044,0.976,0.024,0.978,0.022,0.79,0.21,0.742,0.258,0.958,0.042,0.994,0.006,0.736,0.264,0.744,0.256,0.746,0.254,0.732,0.268
"220",417451,0.808,0.192,0.824,0.176,0.982,0.018,0.994,0.006,0.978,0.022,0.926,0.074,0.862,0.138,0.822,0.178,0.87,0.13,0.996,0.004,0.812,0.188,0.794,0.206,0.83,0.17,0.834,0.166
"221",417452,0.92,0.08,0.798,0.202,0.984,0.016,0.99,0.01,0.988,0.012,0.97,0.03,0.834,0.166,0.832,0.168,0.968,0.032,1,0,0.776,0.224,0.812,0.188,0.798,0.202,0.828,0.172
"222",417663,0.902,0.098,0.608,0.392,0.988,0.012,0.996,0.004,0.986,0.014,0.986,0.014,0.628,0.372,0.592,0.408,0.876,0.124,0.998,0.002,0.586,0.414,0.584,0.416,0.554,0.446,0.566,0.434
"223",417818,0.91,0.09,0.618,0.382,0.964,0.036,0.974,0.026,0.964,0.036,0.97,0.03,0.626,0.374,0.67,0.33,0.944,0.056,0.974,0.026,0.596,0.404,0.576,0.424,0.602,0.398,0.636,0.364
"224",417977,0.88,0.12,0.654,0.346,0.98,0.02,0.968,0.032,0.976,0.024,0.984,0.016,0.682,0.318,0.72,0.28,0.914,0.086,0.976,0.024,0.71,0.29,0.674,0.326,0.648,0.352,0.748,0.252
"225",417979,0.964,0.036,0.726,0.274,0.99,0.01,0.984,0.016,0.974,0.026,0.994,0.006,0.756,0.244,0.706,0.294,0.968,0.032,1,0,0.708,0.292,0.69,0.31,0.682,0.318,0.716,0.284
"226",417981,0.85,0.15,0.752,0.248,0.994,0.006,0.962,0.038,0.964,0.036,0.964,0.036,0.836,0.164,0.854,0.146,0.864,0.136,0.986,0.014,0.764,0.236,0.734,0.266,0.772,0.228,0.858,0.142
"227",417982,0.896,0.104,0.604,0.396,0.996,0.004,0.954,0.046,0.962,0.038,0.978,0.022,0.66,0.34,0.63,0.37,0.954,0.046,1,0,0.566,0.434,0.62,0.38,0.642,0.358,0.612,0.388
"228",417987,0.946,0.054,0.886,0.114,0.994,0.006,0.992,0.008,0.994,0.006,0.984,0.016,0.892,0.108,0.926,0.074,0.934,0.066,1,0,0.892,0.108,0.892,0.108,0.882,0.118,0.928,0.072
"229",418038,0.794,0.206,0.448,0.552,0.962,0.038,0.97,0.03,0.954,0.046,0.952,0.048,0.536,0.464,0.492,0.508,0.872,0.128,0.992,0.008,0.454,0.546,0.436,0.564,0.432,0.568,0.494,0.506
"230",418162,0.846,0.154,0.852,0.148,0.994,0.006,0.978,0.022,0.964,0.036,0.986,0.014,0.912,0.088,0.864,0.136,0.844,0.156,0.996,0.004,0.818,0.182,0.824,0.176,0.838,0.162,0.892,0.108
"231",418163,0.942,0.058,0.698,0.302,0.902,0.098,0.954,0.046,0.99,0.01,0.924,0.076,0.75,0.25,0.734,0.266,0.97,0.03,1,0,0.684,0.316,0.66,0.34,0.666,0.334,0.746,0.254
"232",418164,0.9,0.1,0.486,0.514,0.996,0.004,0.972,0.028,0.98,0.02,1,0,0.546,0.454,0.552,0.448,0.922,0.078,0.99,0.01,0.476,0.524,0.496,0.504,0.492,0.508,0.544,0.456
"233",418166,0.93,0.07,0.894,0.106,0.988,0.012,0.98,0.02,0.992,0.008,0.99,0.01,0.94,0.06,0.944,0.056,0.89,0.11,0.998,0.002,0.884,0.116,0.882,0.118,0.892,0.108,0.95,0.05
"234",418167,0.878,0.122,0.598,0.402,0.998,0.002,0.988,0.012,0.964,0.036,0.968,0.032,0.666,0.334,0.694,0.306,0.898,0.102,0.998,0.002,0.604,0.396,0.626,0.374,0.644,0.356,0.686,0.314
"235",418170,0.916,0.084,0.574,0.426,0.962,0.038,0.984,0.016,0.978,0.022,0.968,0.032,0.654,0.346,0.606,0.394,0.982,0.018,0.992,0.008,0.488,0.512,0.526,0.474,0.586,0.414,0.622,0.378
"236",418172,0.914,0.086,0.798,0.202,0.988,0.012,0.99,0.01,0.992,0.008,0.99,0.01,0.85,0.15,0.848,0.152,0.93,0.07,1,0,0.816,0.184,0.846,0.154,0.826,0.174,0.866,0.134
"237",418209,0.924,0.076,0.842,0.158,0.988,0.012,0.992,0.008,0.98,0.02,0.984,0.016,0.814,0.186,0.846,0.154,0.938,0.062,0.996,0.004,0.854,0.146,0.844,0.156,0.81,0.19,0.868,0.132
"238",425733,0.95,0.05,0.714,0.286,0.998,0.002,0.978,0.022,0.988,0.012,0.998,0.002,0.81,0.19,0.782,0.218,0.978,0.022,0.996,0.004,0.73,0.27,0.718,0.282,0.776,0.224,0.786,0.214
"239",429535,0.9,0.1,0.834,0.166,0.986,0.014,0.994,0.006,0.994,0.006,0.976,0.024,0.866,0.134,0.866,0.134,0.954,0.046,0.996,0.004,0.814,0.186,0.868,0.132,0.862,0.138,0.894,0.106
"240",431987,0.872,0.128,0.772,0.228,0.96,0.04,0.956,0.044,0.978,0.022,0.966,0.034,0.782,0.218,0.774,0.226,0.894,0.106,0.976,0.024,0.742,0.258,0.69,0.31,0.744,0.256,0.784,0.216
"241",434195,0.918,0.082,0.758,0.242,0.96,0.04,0.984,0.016,0.984,0.016,0.958,0.042,0.784,0.216,0.774,0.226,0.936,0.064,0.988,0.012,0.774,0.226,0.752,0.248,0.78,0.22,0.818,0.182
"242",435086,0.894,0.106,0.804,0.196,0.974,0.026,0.984,0.016,0.974,0.026,0.968,0.032,0.842,0.158,0.836,0.164,0.908,0.092,0.99,0.01,0.788,0.212,0.776,0.224,0.826,0.174,0.85,0.15
"243",435898,0.9,0.1,0.838,0.162,0.978,0.022,0.978,0.022,0.98,0.02,0.97,0.03,0.886,0.114,0.892,0.108,0.924,0.076,0.99,0.01,0.842,0.158,0.846,0.154,0.868,0.132,0.896,0.104
"244",436211,0.898,0.102,0.89,0.11,0.984,0.016,0.996,0.004,0.976,0.024,0.964,0.036,0.936,0.064,0.93,0.07,0.934,0.066,1,0,0.878,0.122,0.862,0.138,0.882,0.118,0.95,0.05
"245",437263,0.972,0.028,0.942,0.058,0.99,0.01,0.996,0.004,0.996,0.004,0.99,0.01,0.964,0.036,0.936,0.064,0.976,0.024,0.994,0.006,0.948,0.052,0.94,0.06,0.956,0.044,0.97,0.03
"246",437906,0.888,0.112,0.832,0.168,0.984,0.016,0.96,0.04,0.98,0.02,0.972,0.028,0.88,0.12,0.844,0.156,0.936,0.064,0.996,0.004,0.798,0.202,0.81,0.19,0.836,0.164,0.878,0.122
"247",438345,0.818,0.182,0.766,0.234,0.942,0.058,0.97,0.03,0.94,0.06,0.88,0.12,0.802,0.198,0.78,0.22,0.862,0.138,0.954,0.046,0.764,0.236,0.74,0.26,0.742,0.258,0.796,0.204
"248",438564,0.94,0.06,0.938,0.062,0.992,0.008,0.99,0.01,0.984,0.016,0.982,0.018,0.9,0.1,0.894,0.106,0.946,0.054,0.99,0.01,0.912,0.088,0.912,0.088,0.914,0.086,0.936,0.064
"249",438691,0.88,0.12,0.726,0.274,0.97,0.03,0.978,0.022,0.968,0.032,0.95,0.05,0.768,0.232,0.748,0.252,0.922,0.078,0.992,0.008,0.712,0.288,0.69,0.31,0.734,0.266,0.746,0.254
"250",438776,0.804,0.196,0.694,0.306,0.976,0.024,0.972,0.028,0.976,0.024,0.952,0.048,0.794,0.206,0.752,0.248,0.88,0.12,0.994,0.006,0.72,0.28,0.68,0.32,0.69,0.31,0.762,0.238
"251",439882,0.812,0.188,0.758,0.242,0.928,0.072,0.968,0.032,0.932,0.068,0.86,0.14,0.796,0.204,0.758,0.242,0.866,0.134,0.954,0.046,0.7,0.3,0.74,0.26,0.75,0.25,0.77,0.23
"252",442141,0.85,0.15,0.78,0.22,0.97,0.03,0.956,0.044,0.98,0.02,0.95,0.05,0.846,0.154,0.81,0.19,0.874,0.126,0.994,0.006,0.738,0.262,0.74,0.26,0.76,0.24,0.836,0.164
"253",444779,0.762,0.238,0.726,0.274,0.974,0.026,0.974,0.026,0.952,0.048,0.902,0.098,0.784,0.216,0.772,0.228,0.832,0.168,0.994,0.006,0.712,0.288,0.682,0.318,0.71,0.29,0.78,0.22
"254",446546,0.944,0.056,0.884,0.116,0.984,0.016,0.986,0.014,0.988,0.012,0.982,0.018,0.882,0.118,0.894,0.106,0.952,0.048,0.992,0.008,0.884,0.116,0.878,0.122,0.876,0.124,0.91,0.09
"255",446716,0.876,0.124,0.858,0.142,0.966,0.034,0.99,0.01,0.976,0.024,0.97,0.03,0.89,0.11,0.902,0.098,0.914,0.086,0.992,0.008,0.898,0.102,0.85,0.15,0.898,0.102,0.918,0.082
"256",447732,0.936,0.064,0.834,0.166,0.984,0.016,0.988,0.012,0.98,0.02,0.972,0.028,0.836,0.164,0.846,0.154,0.942,0.058,0.992,0.008,0.844,0.156,0.818,0.182,0.84,0.16,0.894,0.106
"257",448891,0.824,0.176,0.796,0.204,0.972,0.028,0.986,0.014,0.956,0.044,0.914,0.086,0.838,0.162,0.824,0.176,0.892,0.108,0.992,0.008,0.782,0.218,0.756,0.244,0.786,0.214,0.844,0.156
"258",449707,0.978,0.022,0.948,0.052,0.998,0.002,0.996,0.004,0.998,0.002,0.988,0.012,0.956,0.044,0.948,0.052,0.978,0.022,1,0,0.936,0.064,0.95,0.05,0.962,0.038,0.966,0.034
"259",450415,0.838,0.162,0.766,0.234,0.966,0.034,0.982,0.018,0.972,0.028,0.958,0.042,0.77,0.23,0.768,0.232,0.87,0.13,0.994,0.006,0.758,0.242,0.692,0.308,0.724,0.276,0.808,0.192
"260",452570,0.848,0.152,0.82,0.18,0.968,0.032,0.968,0.032,0.942,0.058,0.928,0.072,0.898,0.102,0.922,0.078,0.912,0.088,0.92,0.08,0.826,0.174,0.828,0.172,0.858,0.142,0.908,0.092
"261",463198,0.878,0.122,0.69,0.31,0.97,0.03,0.98,0.02,0.952,0.048,0.958,0.042,0.728,0.272,0.712,0.288,0.916,0.084,0.992,0.008,0.682,0.318,0.654,0.346,0.666,0.334,0.732,0.268
"262",464458,0.672,0.328,0.808,0.192,0.99,0.01,0.98,0.02,0.902,0.098,0.926,0.074,0.826,0.174,0.83,0.17,0.772,0.228,0.988,0.012,0.79,0.21,0.786,0.214,0.79,0.21,0.808,0.192
"263",464880,0.856,0.144,0.786,0.214,0.956,0.044,0.966,0.034,0.97,0.03,0.982,0.018,0.864,0.136,0.83,0.17,0.89,0.11,0.992,0.008,0.776,0.224,0.766,0.234,0.796,0.204,0.832,0.168
"264",467037,0.928,0.072,0.724,0.276,0.998,0.002,0.994,0.006,0.986,0.014,0.984,0.016,0.76,0.24,0.734,0.266,0.944,0.056,1,0,0.708,0.292,0.728,0.272,0.704,0.296,0.744,0.256
"265",478694,0.828,0.172,0.654,0.346,0.99,0.01,0.978,0.022,1,0,0.998,0.002,0.678,0.322,0.708,0.292,0.91,0.09,1,0,0.668,0.332,0.664,0.336,0.66,0.34,0.726,0.274
"266",481311,0.872,0.128,0.762,0.238,0.992,0.008,0.968,0.032,0.942,0.058,0.894,0.106,0.806,0.194,0.75,0.25,0.972,0.028,0.996,0.004,0.728,0.272,0.746,0.254,0.77,0.23,0.752,0.248
"267",580922,0.946,0.054,0.762,0.238,0.974,0.026,0.998,0.002,0.998,0.002,0.996,0.004,0.812,0.188,0.844,0.156,0.984,0.016,1,0,0.774,0.226,0.78,0.22,0.754,0.246,0.822,0.178
"268",594399,0.978,0.022,0.852,0.148,1,0,0.992,0.008,0.994,0.006,1,0,0.888,0.112,0.88,0.12,1,0,1,0,0.868,0.132,0.828,0.172,0.852,0.148,0.878,0.122
"269",594663,0.962,0.038,0.918,0.082,0.996,0.004,0.998,0.002,0.996,0.004,0.998,0.002,0.948,0.052,0.942,0.058,0.972,0.028,1,0,0.938,0.062,0.914,0.086,0.912,0.088,0.926,0.074
"270",594664,0.96,0.04,0.862,0.138,0.988,0.012,0.998,0.002,1,0,0.982,0.018,0.898,0.102,0.852,0.148,0.968,0.032,1,0,0.836,0.164,0.846,0.154,0.82,0.18,0.86,0.14
"271",594665,0.708,0.292,0.856,0.144,0.994,0.006,0.968,0.032,0.942,0.058,0.95,0.05,0.922,0.078,0.89,0.11,0.772,0.228,0.998,0.002,0.842,0.158,0.856,0.144,0.844,0.156,0.906,0.094
"272",595102,0.868,0.132,0.8,0.2,0.994,0.006,0.994,0.006,0.986,0.014,0.934,0.066,0.84,0.16,0.834,0.166,0.93,0.07,1,0,0.78,0.22,0.778,0.222,0.776,0.224,0.854,0.146
"273",596868,0.844,0.156,0.814,0.186,0.992,0.008,0.988,0.012,0.968,0.032,0.984,0.016,0.856,0.144,0.83,0.17,0.874,0.126,1,0,0.796,0.204,0.76,0.24,0.814,0.186,0.826,0.174
"274",600054,0.9,0.1,0.834,0.166,0.986,0.014,0.99,0.01,0.98,0.02,0.984,0.016,0.836,0.164,0.844,0.156,0.946,0.054,0.998,0.002,0.826,0.174,0.806,0.194,0.822,0.178,0.876,0.124
"275",601923,0.768,0.232,0.516,0.484,0.93,0.07,0.96,0.04,0.924,0.076,0.904,0.096,0.556,0.444,0.538,0.462,0.816,0.184,0.99,0.01,0.542,0.458,0.522,0.478,0.542,0.458,0.572,0.428
"276",606033,0.884,0.116,0.506,0.494,0.982,0.018,0.952,0.048,0.978,0.022,0.974,0.026,0.52,0.48,0.502,0.498,0.976,0.024,0.998,0.002,0.474,0.526,0.458,0.542,0.49,0.51,0.538,0.462
"277",606034,0.946,0.054,0.726,0.274,0.974,0.026,0.976,0.024,0.984,0.016,0.988,0.012,0.732,0.268,0.73,0.27,0.978,0.022,0.98,0.02,0.748,0.252,0.732,0.268,0.692,0.308,0.738,0.262
"278",606035,0.782,0.218,0.658,0.342,0.962,0.038,0.972,0.028,0.942,0.058,0.938,0.062,0.8,0.2,0.75,0.25,0.798,0.202,0.972,0.028,0.648,0.352,0.656,0.344,0.65,0.35,0.744,0.256
"279",606135,0.826,0.174,0.628,0.372,0.972,0.028,0.99,0.01,0.974,0.026,0.972,0.028,0.682,0.318,0.716,0.284,0.882,0.118,0.996,0.004,0.566,0.434,0.592,0.408,0.604,0.396,0.666,0.334
"280",606136,0.77,0.23,0.844,0.156,0.998,0.002,0.966,0.034,0.972,0.028,0.96,0.04,0.894,0.106,0.884,0.116,0.824,0.176,0.998,0.002,0.838,0.162,0.82,0.18,0.852,0.148,0.9,0.1
"281",606138,0.7,0.3,0.674,0.326,0.974,0.026,0.964,0.036,0.942,0.058,0.944,0.056,0.752,0.248,0.762,0.238,0.806,0.194,0.994,0.006,0.676,0.324,0.708,0.292,0.68,0.32,0.76,0.24
"282",606142,0.964,0.036,0.608,0.392,0.986,0.014,0.994,0.006,0.996,0.004,0.988,0.012,0.616,0.384,0.614,0.386,0.984,0.016,1,0,0.584,0.416,0.59,0.41,0.64,0.36,0.592,0.408
"283",606143,0.734,0.266,0.522,0.478,0.962,0.038,0.956,0.044,0.892,0.108,0.934,0.066,0.562,0.438,0.552,0.448,0.82,0.18,0.948,0.052,0.54,0.46,0.518,0.482,0.498,0.502,0.61,0.39
"284",606144,0.946,0.054,0.758,0.242,0.996,0.004,0.976,0.024,0.988,0.012,0.998,0.002,0.808,0.192,0.752,0.248,0.972,0.028,0.998,0.002,0.744,0.256,0.744,0.256,0.758,0.242,0.76,0.24
"285",606246,0.974,0.026,0.844,0.156,0.996,0.004,0.994,0.006,0.994,0.006,0.992,0.008,0.844,0.156,0.842,0.158,0.97,0.03,0.996,0.004,0.834,0.166,0.86,0.14,0.85,0.15,0.838,0.162
"286",606248,0.968,0.032,0.858,0.142,0.998,0.002,0.986,0.014,0.988,0.012,0.988,0.012,0.88,0.12,0.854,0.146,0.978,0.022,1,0,0.844,0.156,0.816,0.184,0.838,0.162,0.822,0.178
"287",606249,0.792,0.208,0.736,0.264,0.988,0.012,0.97,0.03,0.918,0.082,0.94,0.06,0.786,0.214,0.74,0.26,0.834,0.166,0.988,0.012,0.728,0.272,0.728,0.272,0.742,0.258,0.768,0.232
"288",606254,0.958,0.042,0.818,0.182,0.982,0.018,0.998,0.002,0.99,0.01,0.98,0.02,0.82,0.18,0.798,0.202,0.964,0.036,0.996,0.004,0.824,0.176,0.796,0.204,0.782,0.218,0.824,0.176
"289",606256,0.96,0.04,0.706,0.294,0.978,0.022,0.986,0.014,0.982,0.018,0.984,0.016,0.746,0.254,0.71,0.29,0.974,0.026,0.992,0.008,0.658,0.342,0.67,0.33,0.644,0.356,0.7,0.3
"290",606356,0.964,0.036,0.82,0.18,1,0,0.998,0.002,0.996,0.004,0.998,0.002,0.848,0.152,0.818,0.182,0.964,0.036,0.996,0.004,0.824,0.176,0.812,0.188,0.844,0.156,0.844,0.156
"291",606363,0.912,0.088,0.816,0.184,0.992,0.008,0.994,0.006,0.988,0.012,0.984,0.016,0.846,0.154,0.822,0.178,0.924,0.076,0.998,0.002,0.806,0.194,0.822,0.178,0.84,0.16,0.87,0.13
"292",606470,0.922,0.078,0.682,0.318,0.988,0.012,0.97,0.03,0.97,0.03,0.98,0.02,0.65,0.35,0.664,0.336,0.964,0.036,0.984,0.016,0.634,0.366,0.656,0.344,0.636,0.364,0.638,0.362
"293",606471,0.932,0.068,0.596,0.404,0.934,0.066,0.962,0.038,0.998,0.002,0.98,0.02,0.704,0.296,0.604,0.396,0.97,0.03,0.996,0.004,0.538,0.462,0.56,0.44,0.596,0.404,0.602,0.398
"294",606586,0.896,0.104,0.71,0.29,0.926,0.074,0.994,0.006,0.982,0.018,0.92,0.08,0.78,0.22,0.756,0.244,0.956,0.044,1,0,0.71,0.29,0.696,0.304,0.714,0.286,0.766,0.234
"295",606670,0.878,0.122,0.832,0.168,0.998,0.002,0.978,0.022,0.932,0.068,0.986,0.014,0.848,0.152,0.826,0.174,0.95,0.05,1,0,0.834,0.166,0.818,0.182,0.876,0.124,0.84,0.16
"296",607696,0.83,0.17,0.776,0.224,0.964,0.036,0.966,0.034,0.988,0.012,0.966,0.034,0.798,0.202,0.774,0.226,0.856,0.144,0.98,0.02,0.742,0.258,0.762,0.238,0.766,0.234,0.762,0.238
"297",608062,0.906,0.094,0.828,0.172,0.99,0.01,0.976,0.024,0.974,0.026,0.988,0.012,0.808,0.192,0.844,0.156,0.95,0.05,1,0,0.82,0.18,0.802,0.198,0.824,0.176,0.824,0.176
"298",608999,0.946,0.054,0.512,0.488,0.98,0.02,0.948,0.052,0.978,0.022,0.966,0.034,0.654,0.346,0.612,0.388,0.982,0.018,0.978,0.022,0.524,0.476,0.594,0.406,0.55,0.45,0.574,0.426
"299",609056,0.95,0.05,0.946,0.054,1,0,0.99,0.01,0.98,0.02,0.982,0.018,0.952,0.048,0.944,0.056,0.978,0.022,0.99,0.01,0.948,0.052,0.96,0.04,0.924,0.076,0.948,0.052
"300",609058,0.814,0.186,0.618,0.382,0.964,0.036,0.978,0.022,0.974,0.026,0.978,0.022,0.766,0.234,0.712,0.288,0.884,0.116,0.992,0.008,0.646,0.354,0.614,0.386,0.614,0.386,0.714,0.286
"301",609060,0.684,0.316,0.884,0.116,0.994,0.006,0.992,0.008,0.986,0.014,0.92,0.08,0.894,0.106,0.906,0.094,0.85,0.15,1,0,0.906,0.094,0.89,0.11,0.882,0.118,0.9,0.1
"302",609061,0.778,0.222,0.844,0.156,0.998,0.002,0.998,0.002,0.944,0.056,0.95,0.05,0.862,0.138,0.868,0.132,0.85,0.15,1,0,0.856,0.144,0.828,0.172,0.848,0.152,0.84,0.16
"303",609062,0.796,0.204,0.82,0.18,0.976,0.024,0.986,0.014,0.936,0.064,0.918,0.082,0.922,0.078,0.892,0.108,0.82,0.18,0.996,0.004,0.812,0.188,0.804,0.196,0.828,0.172,0.888,0.112
"304",609063,0.862,0.138,0.796,0.204,0.986,0.014,0.964,0.036,0.96,0.04,0.988,0.012,0.836,0.164,0.806,0.194,0.912,0.088,0.986,0.014,0.784,0.216,0.808,0.192,0.758,0.242,0.804,0.196
"305",609091,0.954,0.046,0.644,0.356,0.986,0.014,0.982,0.018,0.948,0.052,0.982,0.018,0.648,0.352,0.618,0.382,0.976,0.024,0.974,0.026,0.612,0.388,0.594,0.406,0.598,0.402,0.598,0.402
"306",609110,0.856,0.144,0.708,0.292,0.934,0.066,0.854,0.146,0.984,0.016,0.952,0.048,0.8,0.2,0.77,0.23,0.884,0.116,1,0,0.688,0.312,0.676,0.324,0.668,0.332,0.748,0.252
"307",609121,0.9,0.1,0.714,0.286,0.986,0.014,0.968,0.032,0.972,0.028,0.994,0.006,0.72,0.28,0.762,0.238,0.914,0.086,0.978,0.022,0.75,0.25,0.742,0.258,0.7,0.3,0.788,0.212
"308",609124,0.952,0.048,0.694,0.306,0.99,0.01,0.982,0.018,0.992,0.008,0.998,0.002,0.72,0.28,0.724,0.276,0.986,0.014,0.992,0.008,0.696,0.304,0.722,0.278,0.69,0.31,0.7,0.3
"309",609332,0.85,0.15,0.944,0.056,1,0,1,0,0.994,0.006,0.998,0.002,0.984,0.016,0.974,0.026,0.828,0.172,1,0,0.962,0.038,0.962,0.038,0.964,0.036,0.978,0.022
"310",609440,0.89,0.11,0.726,0.274,0.97,0.03,0.992,0.008,0.95,0.05,0.954,0.046,0.786,0.214,0.746,0.254,0.936,0.064,0.998,0.002,0.676,0.324,0.706,0.294,0.684,0.316,0.782,0.218
"311",609596,0.87,0.13,0.54,0.46,0.942,0.058,0.956,0.044,0.978,0.022,0.928,0.072,0.598,0.402,0.61,0.39,0.946,0.054,0.998,0.002,0.584,0.416,0.524,0.476,0.566,0.434,0.614,0.386
"312",609639,0.916,0.084,0.826,0.174,0.988,0.012,0.992,0.008,0.992,0.008,0.984,0.016,0.862,0.138,0.824,0.176,0.928,0.072,0.998,0.002,0.814,0.186,0.828,0.172,0.854,0.146,0.864,0.136
"313",609674,0.934,0.066,0.676,0.324,0.968,0.032,0.968,0.032,0.918,0.082,0.974,0.026,0.682,0.318,0.638,0.362,0.98,0.02,0.97,0.03,0.65,0.35,0.628,0.372,0.686,0.314,0.67,0.33
"314",609681,0.774,0.226,0.828,0.172,0.962,0.038,0.99,0.01,0.874,0.126,0.974,0.026,0.898,0.102,0.84,0.16,0.84,0.16,0.994,0.006,0.802,0.198,0.806,0.194,0.79,0.21,0.85,0.15
"315",609781,0.958,0.042,0.688,0.312,0.994,0.006,0.998,0.002,0.996,0.004,0.996,0.004,0.754,0.246,0.736,0.264,0.95,0.05,0.998,0.002,0.626,0.374,0.67,0.33,0.652,0.348,0.8,0.2
"316",616352,0.824,0.176,0.608,0.392,0.954,0.046,0.986,0.014,0.92,0.08,0.91,0.09,0.632,0.368,0.664,0.336,0.894,0.106,1,0,0.634,0.366,0.626,0.374,0.61,0.39,0.642,0.358
"317",616353,0.884,0.116,0.622,0.378,0.972,0.028,0.98,0.02,0.97,0.03,0.978,0.022,0.626,0.374,0.65,0.35,0.904,0.096,0.98,0.02,0.642,0.358,0.626,0.374,0.61,0.39,0.672,0.328
"318",616354,0.95,0.05,0.89,0.11,0.982,0.018,1,0,0.998,0.002,0.998,0.002,0.898,0.102,0.92,0.08,0.968,0.032,1,0,0.88,0.12,0.902,0.098,0.892,0.108,0.878,0.122
"319",616355,0.976,0.024,0.478,0.522,0.998,0.002,0.954,0.046,0.998,0.002,1,0,0.64,0.36,0.564,0.436,0.99,0.01,1,0,0.47,0.53,0.522,0.478,0.51,0.49,0.552,0.448
"320",616408,0.886,0.114,0.742,0.258,0.986,0.014,0.974,0.026,0.984,0.016,0.972,0.028,0.746,0.254,0.744,0.256,0.928,0.072,0.992,0.008,0.722,0.278,0.718,0.282,0.738,0.262,0.764,0.236
"321",622911,0.984,0.016,0.69,0.31,0.988,0.012,0.978,0.022,0.992,0.008,0.972,0.028,0.738,0.262,0.686,0.314,0.994,0.006,0.992,0.008,0.712,0.288,0.69,0.31,0.71,0.29,0.69,0.31
"322",622913,0.892,0.108,0.642,0.358,0.972,0.028,0.988,0.012,0.94,0.06,0.984,0.016,0.656,0.344,0.662,0.338,0.96,0.04,0.992,0.008,0.692,0.308,0.642,0.358,0.626,0.374,0.638,0.362
"323",628408,0.884,0.116,0.69,0.31,0.98,0.02,0.966,0.034,0.97,0.03,0.97,0.03,0.792,0.208,0.736,0.264,0.938,0.062,0.994,0.006,0.724,0.276,0.756,0.244,0.726,0.274,0.776,0.224
"324",628601,0.752,0.248,0.738,0.262,0.978,0.022,0.994,0.006,0.966,0.034,0.878,0.122,0.842,0.158,0.834,0.166,0.914,0.086,1,0,0.76,0.24,0.756,0.244,0.776,0.224,0.854,0.146
"325",628603,0.85,0.15,0.854,0.146,0.986,0.014,0.998,0.002,0.99,0.01,0.962,0.038,0.864,0.136,0.874,0.126,0.878,0.122,0.992,0.008,0.83,0.17,0.864,0.136,0.874,0.126,0.868,0.132
"326",628607,0.7,0.3,0.736,0.264,0.946,0.054,0.968,0.032,0.9,0.1,0.94,0.06,0.818,0.182,0.814,0.186,0.766,0.234,0.99,0.01,0.742,0.258,0.698,0.302,0.744,0.256,0.824,0.176
"327",628613,0.89,0.11,0.43,0.57,0.978,0.022,0.974,0.026,0.95,0.05,0.944,0.056,0.554,0.446,0.488,0.512,0.974,0.026,0.988,0.012,0.456,0.544,0.44,0.56,0.486,0.514,0.476,0.524
"328",628614,0.782,0.218,0.586,0.414,0.988,0.012,0.98,0.02,0.924,0.076,0.932,0.068,0.638,0.362,0.662,0.338,0.858,0.142,0.996,0.004,0.618,0.382,0.65,0.35,0.618,0.382,0.688,0.312
"329",628620,0.908,0.092,0.572,0.428,0.974,0.026,0.992,0.008,0.964,0.036,0.968,0.032,0.684,0.316,0.616,0.384,0.934,0.066,1,0,0.566,0.434,0.598,0.402,0.606,0.394,0.588,0.412
"330",628622,0.894,0.106,0.752,0.248,0.974,0.026,0.954,0.046,0.972,0.028,0.97,0.03,0.764,0.236,0.718,0.282,0.916,0.084,0.998,0.002,0.734,0.266,0.74,0.26,0.74,0.26,0.756,0.244
"331",628639,0.918,0.082,0.626,0.374,0.97,0.03,0.966,0.034,0.982,0.018,0.968,0.032,0.732,0.268,0.706,0.294,0.938,0.062,0.986,0.014,0.654,0.346,0.624,0.376,0.66,0.34,0.718,0.282
"332",632103,0.942,0.058,0.802,0.198,0.99,0.01,0.998,0.002,1,0,0.994,0.006,0.868,0.132,0.84,0.16,0.978,0.022,1,0,0.814,0.186,0.762,0.238,0.782,0.218,0.838,0.162
"333",632104,0.824,0.176,0.736,0.264,0.99,0.01,0.932,0.068,0.97,0.03,0.99,0.01,0.832,0.168,0.786,0.214,0.872,0.128,1,0,0.768,0.232,0.754,0.246,0.764,0.236,0.832,0.168
"334",632119,0.824,0.176,0.774,0.226,0.984,0.016,0.962,0.038,0.924,0.076,0.97,0.03,0.834,0.166,0.814,0.186,0.906,0.094,0.998,0.002,0.756,0.244,0.744,0.256,0.742,0.258,0.794,0.206
"335",632243,0.938,0.062,0.702,0.298,0.932,0.068,0.934,0.066,0.95,0.05,0.93,0.07,0.732,0.268,0.744,0.256,0.948,0.052,0.944,0.056,0.682,0.318,0.708,0.292,0.742,0.258,0.784,0.216
"336",632873,0.964,0.036,0.702,0.298,0.986,0.014,0.988,0.012,0.998,0.002,0.972,0.028,0.734,0.266,0.782,0.218,0.976,0.024,1,0,0.728,0.272,0.71,0.29,0.696,0.304,0.75,0.25
"337",632907,0.922,0.078,0.69,0.31,0.972,0.028,0.986,0.014,0.974,0.026,0.982,0.018,0.73,0.27,0.726,0.274,0.936,0.064,0.996,0.004,0.652,0.348,0.664,0.336,0.686,0.314,0.782,0.218
"338",634309,0.852,0.148,0.53,0.47,0.964,0.036,0.98,0.02,0.92,0.08,0.938,0.062,0.65,0.35,0.626,0.374,0.912,0.088,0.996,0.004,0.536,0.464,0.54,0.46,0.528,0.472,0.592,0.408
"339",634814,0.896,0.104,0.608,0.392,0.982,0.018,0.966,0.034,0.992,0.008,0.992,0.008,0.74,0.26,0.726,0.274,0.962,0.038,0.996,0.004,0.582,0.418,0.628,0.372,0.606,0.394,0.716,0.284
"340",635576,0.786,0.214,0.83,0.17,0.996,0.004,0.98,0.02,0.93,0.07,0.914,0.086,0.864,0.136,0.84,0.16,0.866,0.134,0.992,0.008,0.782,0.218,0.784,0.216,0.84,0.16,0.846,0.154
"341",635882,0.894,0.106,0.712,0.288,0.974,0.026,0.924,0.076,0.944,0.056,0.99,0.01,0.772,0.228,0.754,0.246,0.976,0.024,0.948,0.052,0.694,0.306,0.724,0.276,0.714,0.286,0.774,0.226
"342",636425,0.876,0.124,0.69,0.31,0.962,0.038,0.99,0.01,0.956,0.044,0.968,0.032,0.778,0.222,0.77,0.23,0.912,0.088,0.998,0.002,0.7,0.3,0.724,0.276,0.728,0.272,0.776,0.224
"343",636711,0.886,0.114,0.562,0.438,0.968,0.032,0.986,0.014,0.97,0.03,0.932,0.068,0.646,0.354,0.65,0.35,0.92,0.08,0.996,0.004,0.554,0.446,0.538,0.462,0.544,0.456,0.648,0.352
"344",639390,0.918,0.082,0.784,0.216,0.998,0.002,0.95,0.05,0.986,0.014,0.998,0.002,0.822,0.178,0.796,0.204,0.936,0.064,0.996,0.004,0.826,0.174,0.77,0.23,0.772,0.228,0.794,0.206
"345",639450,0.95,0.05,0.826,0.174,0.996,0.004,0.998,0.002,0.992,0.008,0.986,0.014,0.898,0.102,0.842,0.158,0.99,0.01,0.998,0.002,0.824,0.176,0.848,0.152,0.846,0.154,0.838,0.162
"346",639531,0.866,0.134,0.68,0.32,0.97,0.03,0.956,0.044,0.934,0.066,0.944,0.056,0.682,0.318,0.718,0.282,0.91,0.09,0.964,0.036,0.698,0.302,0.678,0.322,0.682,0.318,0.722,0.278
"347",639759,0.912,0.088,0.796,0.204,0.992,0.008,0.996,0.004,0.956,0.044,0.986,0.014,0.84,0.16,0.864,0.136,0.912,0.088,1,0,0.81,0.19,0.8,0.2,0.82,0.18,0.888,0.112
"348",639962,0.948,0.052,0.596,0.404,0.988,0.012,0.996,0.004,0.992,0.008,0.98,0.02,0.652,0.348,0.642,0.358,0.996,0.004,0.998,0.002,0.556,0.444,0.588,0.412,0.606,0.394,0.608,0.392
"349",640007,0.944,0.056,0.934,0.066,0.996,0.004,0.996,0.004,0.988,0.012,0.984,0.016,0.956,0.044,0.932,0.068,0.946,0.054,0.994,0.006,0.958,0.042,0.944,0.056,0.934,0.066,0.966,0.034
"350",640011,0.802,0.198,0.736,0.264,0.974,0.026,0.998,0.002,0.894,0.106,0.952,0.048,0.816,0.184,0.764,0.236,0.888,0.112,1,0,0.722,0.278,0.706,0.294,0.766,0.234,0.802,0.198
"351",640157,0.918,0.082,0.756,0.244,0.99,0.01,0.984,0.016,0.968,0.032,0.996,0.004,0.788,0.212,0.764,0.236,0.97,0.03,0.992,0.008,0.762,0.238,0.772,0.228,0.766,0.234,0.782,0.218
"352",640265,0.908,0.092,0.584,0.416,0.968,0.032,0.958,0.042,0.97,0.03,0.98,0.02,0.67,0.33,0.676,0.324,0.964,0.036,0.994,0.006,0.576,0.424,0.6,0.4,0.582,0.418,0.604,0.396
"353",640366,0.776,0.224,0.594,0.406,0.992,0.008,0.972,0.028,0.942,0.058,0.95,0.05,0.644,0.356,0.66,0.34,0.806,0.194,0.992,0.008,0.618,0.382,0.616,0.384,0.608,0.392,0.662,0.338
"354",641721,0.882,0.118,0.84,0.16,1,0,0.986,0.014,0.964,0.036,0.976,0.024,0.876,0.124,0.878,0.122,0.928,0.072,0.994,0.006,0.846,0.154,0.826,0.174,0.828,0.172,0.894,0.106
"355",648987,0.934,0.066,0.82,0.18,0.992,0.008,0.978,0.022,0.946,0.054,0.986,0.014,0.858,0.142,0.856,0.144,0.978,0.022,1,0,0.79,0.21,0.796,0.204,0.782,0.218,0.842,0.158
"356",649420,0.928,0.072,0.694,0.306,0.97,0.03,0.996,0.004,0.976,0.024,0.98,0.02,0.732,0.268,0.694,0.306,0.962,0.038,0.988,0.012,0.648,0.352,0.652,0.348,0.642,0.358,0.7,0.3
"357",649754,0.972,0.028,0.838,0.162,0.99,0.01,1,0,0.998,0.002,0.99,0.01,0.876,0.124,0.84,0.16,0.964,0.036,0.998,0.002,0.878,0.122,0.86,0.14,0.884,0.116,0.866,0.134
"358",649862,0.658,0.342,0.738,0.262,0.976,0.024,0.984,0.016,0.878,0.122,0.95,0.05,0.86,0.14,0.844,0.156,0.756,0.244,0.99,0.01,0.814,0.186,0.794,0.206,0.762,0.238,0.836,0.164
"359",651298,0.836,0.164,0.696,0.304,0.97,0.03,0.974,0.026,0.97,0.03,0.966,0.034,0.778,0.222,0.744,0.256,0.864,0.136,0.982,0.018,0.742,0.258,0.73,0.27,0.726,0.274,0.772,0.228
"360",651304,0.836,0.164,0.696,0.304,0.97,0.03,0.974,0.026,0.97,0.03,0.966,0.034,0.778,0.222,0.744,0.256,0.864,0.136,0.982,0.018,0.742,0.258,0.73,0.27,0.726,0.274,0.772,0.228
"361",651306,0.846,0.154,0.712,0.288,0.964,0.036,0.982,0.018,0.966,0.034,0.97,0.03,0.778,0.222,0.74,0.26,0.866,0.134,0.978,0.022,0.746,0.254,0.728,0.272,0.732,0.268,0.774,0.226
"362",651642,0.898,0.102,0.53,0.47,0.954,0.046,0.956,0.044,0.972,0.028,0.968,0.032,0.588,0.412,0.638,0.362,0.978,0.022,1,0,0.49,0.51,0.498,0.502,0.544,0.456,0.604,0.396
"363",652975,0.844,0.156,0.644,0.356,0.972,0.028,0.972,0.028,0.974,0.026,0.964,0.036,0.782,0.218,0.736,0.264,0.954,0.046,1,0,0.684,0.316,0.67,0.33,0.666,0.334,0.758,0.242
"364",654278,0.962,0.038,0.936,0.064,1,0,0.996,0.004,0.996,0.004,0.998,0.002,0.962,0.038,0.966,0.034,0.984,0.016,1,0,0.932,0.068,0.948,0.052,0.944,0.056,0.974,0.026
"365",657183,0.934,0.066,0.738,0.262,0.996,0.004,0.994,0.006,0.998,0.002,1,0,0.764,0.236,0.746,0.254,0.966,0.034,1,0,0.75,0.25,0.728,0.272,0.734,0.266,0.696,0.304
"366",659226,0.928,0.072,0.416,0.584,0.988,0.012,0.992,0.008,0.98,0.02,0.992,0.008,0.512,0.488,0.478,0.522,0.958,0.042,0.994,0.006,0.378,0.622,0.38,0.62,0.39,0.61,0.428,0.572
"367",659371,0.806,0.194,0.7,0.3,0.976,0.024,0.976,0.024,0.966,0.034,0.914,0.086,0.76,0.24,0.74,0.26,0.89,0.11,0.982,0.018,0.678,0.322,0.692,0.308,0.732,0.268,0.758,0.242
"368",659682,0.95,0.05,0.786,0.214,0.998,0.002,0.998,0.002,1,0,0.992,0.008,0.816,0.184,0.774,0.226,0.96,0.04,0.996,0.004,0.812,0.188,0.81,0.19,0.824,0.176,0.834,0.166
"369",659993,0.874,0.126,0.66,0.34,0.97,0.03,0.966,0.034,0.964,0.036,0.966,0.034,0.73,0.27,0.682,0.318,0.91,0.09,0.984,0.016,0.664,0.336,0.65,0.35,0.678,0.322,0.714,0.286
"370",660064,0.804,0.196,0.76,0.24,0.974,0.026,0.986,0.014,0.944,0.056,0.906,0.094,0.858,0.142,0.818,0.182,0.852,0.148,0.998,0.002,0.742,0.258,0.764,0.236,0.754,0.246,0.83,0.17
"371",660073,0.76,0.24,0.872,0.128,0.99,0.01,1,0,0.95,0.05,0.936,0.064,0.96,0.04,0.954,0.046,0.81,0.19,1,0,0.878,0.122,0.888,0.112,0.854,0.146,0.928,0.072
"372",660075,0.904,0.096,0.596,0.404,0.982,0.018,0.984,0.016,0.942,0.058,0.94,0.06,0.726,0.274,0.682,0.318,0.958,0.042,0.986,0.014,0.614,0.386,0.604,0.396,0.62,0.38,0.648,0.352
"373",660078,0.882,0.118,0.744,0.256,0.996,0.004,0.988,0.012,0.992,0.008,0.978,0.022,0.754,0.246,0.764,0.236,0.948,0.052,1,0,0.736,0.264,0.732,0.268,0.734,0.266,0.78,0.22
"374",660079,0.888,0.112,0.582,0.418,0.996,0.004,0.998,0.002,0.994,0.006,0.976,0.024,0.676,0.324,0.638,0.362,0.948,0.052,1,0,0.598,0.402,0.57,0.43,0.616,0.384,0.658,0.342
"375",660080,0.87,0.13,0.73,0.27,0.96,0.04,0.992,0.008,0.972,0.028,0.932,0.068,0.714,0.286,0.678,0.322,0.946,0.054,0.998,0.002,0.638,0.362,0.698,0.302,0.706,0.294,0.702,0.298
"376",660081,0.904,0.096,0.678,0.322,0.936,0.064,0.938,0.062,0.99,0.01,0.974,0.026,0.752,0.248,0.728,0.272,0.948,0.052,1,0,0.656,0.344,0.672,0.328,0.64,0.36,0.716,0.284
"377",660082,0.826,0.174,0.912,0.088,1,0,0.982,0.018,0.938,0.062,0.97,0.03,0.946,0.054,0.908,0.092,0.906,0.094,0.98,0.02,0.9,0.1,0.916,0.084,0.896,0.104,0.922,0.078
"378",660083,0.732,0.268,0.704,0.296,0.994,0.006,0.994,0.006,0.956,0.044,0.968,0.032,0.814,0.186,0.788,0.212,0.844,0.156,1,0,0.726,0.274,0.734,0.266,0.754,0.246,0.804,0.196
"379",660084,0.878,0.122,0.628,0.372,0.96,0.04,0.948,0.052,0.972,0.028,0.98,0.02,0.698,0.302,0.678,0.322,0.958,0.042,0.986,0.014,0.608,0.392,0.61,0.39,0.598,0.402,0.69,0.31
"380",660085,0.792,0.208,0.65,0.35,0.98,0.02,0.966,0.034,0.98,0.02,0.968,0.032,0.71,0.29,0.698,0.302,0.928,0.072,0.994,0.006,0.662,0.338,0.642,0.358,0.614,0.386,0.676,0.324
"381",660086,0.928,0.072,0.754,0.246,0.94,0.06,0.988,0.012,0.978,0.022,0.966,0.034,0.794,0.206,0.766,0.234,0.94,0.06,1,0,0.742,0.258,0.776,0.224,0.746,0.254,0.78,0.22
"382",660087,0.868,0.132,0.786,0.214,0.986,0.014,0.988,0.012,0.974,0.026,0.972,0.028,0.872,0.128,0.846,0.154,0.878,0.122,0.996,0.004,0.79,0.21,0.778,0.222,0.776,0.224,0.838,0.162
"383",660119,0.832,0.168,0.878,0.122,0.996,0.004,0.964,0.036,0.964,0.036,0.976,0.024,0.938,0.062,0.94,0.06,0.866,0.134,1,0,0.918,0.082,0.888,0.112,0.892,0.108,0.932,0.068
"384",660129,0.702,0.298,0.748,0.252,0.97,0.03,0.972,0.028,0.928,0.072,0.918,0.082,0.85,0.15,0.828,0.172,0.694,0.306,0.998,0.002,0.712,0.288,0.75,0.25,0.722,0.278,0.824,0.176
"385",660130,0.742,0.258,0.83,0.17,0.99,0.01,0.966,0.034,0.94,0.06,0.952,0.048,0.904,0.096,0.866,0.134,0.784,0.216,0.996,0.004,0.802,0.198,0.836,0.164,0.798,0.202,0.868,0.132
"386",660131,0.928,0.072,0.838,0.162,0.996,0.004,0.98,0.02,0.988,0.012,0.99,0.01,0.834,0.166,0.854,0.146,0.93,0.07,1,0,0.834,0.166,0.832,0.168,0.842,0.158,0.866,0.134
"387",660132,0.728,0.272,0.672,0.328,0.956,0.044,0.99,0.01,0.928,0.072,0.902,0.098,0.826,0.174,0.766,0.234,0.74,0.26,0.99,0.01,0.644,0.356,0.618,0.382,0.666,0.334,0.774,0.226
"388",660133,0.814,0.186,0.526,0.474,0.916,0.084,0.98,0.02,0.934,0.066,0.91,0.09,0.574,0.426,0.542,0.458,0.874,0.126,0.988,0.012,0.528,0.472,0.544,0.456,0.53,0.47,0.562,0.438
"389",660134,0.812,0.188,0.698,0.302,0.928,0.072,0.976,0.024,0.948,0.052,0.944,0.056,0.834,0.166,0.798,0.202,0.824,0.176,0.996,0.004,0.684,0.316,0.678,0.322,0.716,0.284,0.82,0.18
"390",660135,0.788,0.212,0.752,0.248,0.928,0.072,0.972,0.028,0.958,0.042,0.926,0.074,0.83,0.17,0.79,0.21,0.868,0.132,0.998,0.002,0.758,0.242,0.75,0.25,0.754,0.246,0.772,0.228
"391",660136,0.906,0.094,0.824,0.176,0.992,0.008,0.988,0.012,0.966,0.034,0.992,0.008,0.844,0.156,0.874,0.126,0.906,0.094,0.996,0.004,0.832,0.168,0.83,0.17,0.854,0.146,0.868,0.132
"392",660137,0.9,0.1,0.696,0.304,0.972,0.028,0.998,0.002,0.992,0.008,0.99,0.01,0.768,0.232,0.776,0.224,0.962,0.038,1,0,0.718,0.282,0.702,0.298,0.726,0.274,0.798,0.202
"393",660139,0.838,0.162,0.698,0.302,0.982,0.018,0.98,0.02,0.968,0.032,0.964,0.036,0.776,0.224,0.74,0.26,0.826,0.174,0.992,0.008,0.744,0.256,0.704,0.296,0.68,0.32,0.732,0.268
"394",660140,0.818,0.182,0.712,0.288,0.978,0.022,0.972,0.028,0.952,0.048,0.962,0.038,0.762,0.238,0.76,0.24,0.812,0.188,0.984,0.016,0.728,0.272,0.702,0.298,0.688,0.312,0.718,0.282
"395",660145,0.752,0.248,0.83,0.17,0.984,0.016,0.996,0.004,0.958,0.042,0.956,0.044,0.858,0.142,0.82,0.18,0.798,0.202,1,0,0.792,0.208,0.786,0.214,0.812,0.188,0.864,0.136
"396",660172,0.756,0.244,0.696,0.304,0.958,0.042,0.91,0.09,0.878,0.122,0.89,0.11,0.816,0.184,0.828,0.172,0.76,0.24,0.984,0.016,0.72,0.28,0.69,0.31,0.72,0.28,0.822,0.178
"397",660173,0.898,0.102,0.668,0.332,0.94,0.06,0.968,0.032,0.954,0.046,0.966,0.034,0.732,0.268,0.69,0.31,0.888,0.112,0.988,0.012,0.662,0.338,0.672,0.328,0.668,0.332,0.74,0.26
"398",660174,0.834,0.166,0.668,0.332,0.93,0.07,0.962,0.038,0.926,0.074,0.928,0.072,0.668,0.332,0.738,0.262,0.846,0.154,0.99,0.01,0.65,0.35,0.584,0.416,0.662,0.338,0.71,0.29
"399",660175,0.794,0.206,0.642,0.358,0.948,0.052,0.96,0.04,0.948,0.052,0.946,0.054,0.708,0.292,0.666,0.334,0.898,0.102,0.98,0.02,0.638,0.362,0.618,0.382,0.644,0.356,0.696,0.304
"400",660176,0.82,0.18,0.532,0.468,0.938,0.062,0.952,0.048,0.946,0.054,0.902,0.098,0.536,0.464,0.548,0.452,0.888,0.112,0.98,0.02,0.478,0.522,0.54,0.46,0.512,0.488,0.548,0.452
"401",660177,0.824,0.176,0.556,0.444,0.942,0.058,0.98,0.02,0.95,0.05,0.94,0.06,0.648,0.352,0.618,0.382,0.874,0.126,0.988,0.012,0.53,0.47,0.556,0.444,0.554,0.446,0.56,0.44
"402",660178,0.762,0.238,0.542,0.458,0.928,0.072,0.926,0.074,0.942,0.058,0.852,0.148,0.614,0.386,0.568,0.432,0.844,0.156,0.952,0.048,0.506,0.494,0.562,0.438,0.56,0.44,0.56,0.44
"403",660179,0.666,0.334,0.672,0.328,0.924,0.076,0.934,0.066,0.85,0.15,0.894,0.106,0.812,0.188,0.816,0.184,0.726,0.274,0.992,0.008,0.7,0.3,0.622,0.378,0.71,0.29,0.804,0.196
"404",660180,0.704,0.296,0.646,0.354,0.92,0.08,0.918,0.082,0.85,0.15,0.892,0.108,0.83,0.17,0.802,0.198,0.72,0.28,0.992,0.008,0.664,0.336,0.65,0.35,0.718,0.282,0.812,0.188
"405",660181,0.922,0.078,0.85,0.15,0.998,0.002,0.97,0.03,0.976,0.024,0.98,0.02,0.896,0.104,0.892,0.108,0.942,0.058,0.97,0.03,0.81,0.19,0.852,0.148,0.828,0.172,0.87,0.13
"406",660201,0.904,0.096,0.704,0.296,0.912,0.088,0.992,0.008,0.988,0.012,0.966,0.034,0.792,0.208,0.776,0.224,0.942,0.058,1,0,0.726,0.274,0.702,0.298,0.704,0.296,0.752,0.248
"407",660202,0.824,0.176,0.63,0.37,0.966,0.034,0.958,0.042,0.984,0.016,0.97,0.03,0.782,0.218,0.754,0.246,0.932,0.068,1,0,0.638,0.362,0.602,0.398,0.61,0.39,0.736,0.264
"408",660206,0.95,0.05,0.726,0.274,0.98,0.02,0.966,0.034,0.986,0.014,0.988,0.012,0.724,0.276,0.69,0.31,0.974,0.026,0.998,0.002,0.7,0.3,0.722,0.278,0.734,0.266,0.698,0.302
"409",660207,0.936,0.064,0.73,0.27,0.94,0.06,0.998,0.002,0.996,0.004,0.986,0.014,0.76,0.24,0.752,0.248,0.956,0.044,0.992,0.008,0.702,0.298,0.734,0.266,0.722,0.278,0.748,0.252
"410",660208,0.862,0.138,0.55,0.45,0.97,0.03,0.974,0.026,0.95,0.05,0.938,0.062,0.664,0.336,0.676,0.324,0.916,0.084,0.98,0.02,0.604,0.396,0.606,0.394,0.588,0.412,0.682,0.318
"411",660216,0.906,0.094,0.672,0.328,0.966,0.034,0.988,0.012,0.972,0.028,0.966,0.034,0.698,0.302,0.704,0.296,0.926,0.074,0.986,0.014,0.644,0.356,0.644,0.356,0.656,0.344,0.704,0.296
"412",660217,0.792,0.208,0.624,0.376,0.962,0.038,0.976,0.024,0.95,0.05,0.938,0.062,0.664,0.336,0.672,0.328,0.892,0.108,0.982,0.018,0.642,0.358,0.606,0.394,0.61,0.39,0.67,0.33
"413",660218,0.84,0.16,0.628,0.372,0.954,0.046,0.96,0.04,0.938,0.062,0.95,0.05,0.672,0.328,0.654,0.346,0.902,0.098,0.984,0.016,0.608,0.392,0.576,0.424,0.63,0.37,0.646,0.354
"414",660219,0.686,0.314,0.656,0.344,0.914,0.086,0.932,0.068,0.824,0.176,0.904,0.096,0.802,0.198,0.798,0.202,0.736,0.264,0.976,0.024,0.664,0.336,0.632,0.368,0.704,0.296,0.79,0.21
"415",660220,0.79,0.21,0.644,0.356,0.952,0.048,0.966,0.034,0.914,0.086,0.936,0.064,0.676,0.324,0.646,0.354,0.87,0.13,0.984,0.016,0.62,0.38,0.594,0.406,0.614,0.386,0.654,0.346
"416",660221,0.886,0.114,0.608,0.392,0.954,0.046,0.978,0.022,0.96,0.04,0.964,0.036,0.642,0.358,0.652,0.348,0.884,0.116,0.988,0.012,0.6,0.4,0.612,0.388,0.57,0.43,0.654,0.346
"417",660222,0.604,0.396,0.588,0.412,0.928,0.072,0.848,0.152,0.834,0.166,0.876,0.124,0.732,0.268,0.77,0.23,0.642,0.358,0.992,0.008,0.608,0.392,0.608,0.392,0.628,0.372,0.734,0.266
"418",660223,0.912,0.088,0.726,0.274,0.948,0.052,0.958,0.042,0.956,0.044,0.944,0.056,0.814,0.186,0.78,0.22,0.916,0.084,0.96,0.04,0.718,0.282,0.734,0.266,0.746,0.254,0.772,0.228
"419",660224,0.836,0.164,0.6,0.4,0.982,0.018,0.932,0.068,0.954,0.046,0.978,0.022,0.69,0.31,0.65,0.35,0.838,0.162,0.994,0.006,0.64,0.36,0.596,0.404,0.58,0.42,0.626,0.374
"420",660225,0.696,0.304,0.652,0.348,0.91,0.09,0.91,0.09,0.852,0.148,0.906,0.094,0.832,0.168,0.8,0.2,0.72,0.28,0.986,0.014,0.668,0.332,0.656,0.344,0.708,0.292,0.808,0.192
"421",660227,0.862,0.138,0.762,0.238,0.992,0.008,0.992,0.008,0.922,0.078,0.99,0.01,0.736,0.264,0.778,0.222,0.928,0.072,1,0,0.708,0.292,0.744,0.256,0.722,0.278,0.762,0.238
"422",660228,0.924,0.076,0.594,0.406,0.992,0.008,0.99,0.01,0.968,0.032,0.926,0.074,0.716,0.284,0.662,0.338,0.986,0.014,1,0,0.582,0.418,0.616,0.384,0.65,0.35,0.708,0.292
"423",660229,0.836,0.164,0.654,0.346,0.964,0.036,0.978,0.022,0.962,0.038,0.986,0.014,0.694,0.306,0.676,0.324,0.93,0.07,0.992,0.008,0.596,0.404,0.61,0.39,0.556,0.444,0.692,0.308
"424",660230,0.884,0.116,0.796,0.204,0.954,0.046,0.95,0.05,0.954,0.046,0.99,0.01,0.854,0.146,0.85,0.15,0.936,0.064,0.976,0.024,0.842,0.158,0.79,0.21,0.742,0.258,0.808,0.192
"425",660238,0.816,0.184,0.798,0.202,0.982,0.018,0.952,0.048,0.97,0.03,0.936,0.064,0.854,0.146,0.832,0.168,0.888,0.112,1,0,0.816,0.184,0.834,0.166,0.782,0.218,0.832,0.168
"426",660245,0.966,0.034,0.872,0.128,0.988,0.012,0.996,0.004,0.988,0.012,0.998,0.002,0.89,0.11,0.916,0.084,0.974,0.026,1,0,0.906,0.094,0.924,0.076,0.896,0.104,0.89,0.11
"427",660246,0.648,0.352,0.544,0.456,0.89,0.11,0.9,0.1,0.796,0.204,0.836,0.164,0.758,0.242,0.726,0.274,0.728,0.272,0.972,0.028,0.596,0.404,0.576,0.424,0.606,0.394,0.714,0.286
"428",660247,0.958,0.042,0.844,0.156,0.986,0.014,1,0,0.986,0.014,0.998,0.002,0.896,0.104,0.892,0.108,0.954,0.046,1,0,0.82,0.18,0.844,0.156,0.834,0.166,0.862,0.138
"429",660248,0.644,0.356,0.582,0.418,0.88,0.12,0.902,0.098,0.836,0.164,0.884,0.116,0.706,0.294,0.686,0.314,0.7,0.3,0.978,0.022,0.598,0.402,0.54,0.46,0.628,0.372,0.694,0.306
"430",660249,0.832,0.168,0.644,0.356,0.956,0.044,0.962,0.038,0.942,0.058,0.928,0.072,0.676,0.324,0.612,0.388,0.916,0.084,0.982,0.018,0.552,0.448,0.578,0.422,0.634,0.366,0.656,0.344
"431",660250,0.936,0.064,0.812,0.188,0.99,0.01,0.986,0.014,0.97,0.03,0.978,0.022,0.858,0.142,0.85,0.15,0.972,0.028,0.988,0.012,0.78,0.22,0.808,0.192,0.814,0.186,0.852,0.148
"432",660251,0.892,0.108,0.722,0.278,0.976,0.024,0.97,0.03,0.93,0.07,0.972,0.028,0.8,0.2,0.788,0.212,0.908,0.092,0.986,0.014,0.67,0.33,0.676,0.324,0.69,0.31,0.762,0.238
"433",660252,0.664,0.336,0.648,0.352,0.922,0.078,0.936,0.064,0.834,0.166,0.906,0.094,0.83,0.17,0.788,0.212,0.708,0.292,0.99,0.01,0.684,0.316,0.654,0.346,0.69,0.31,0.81,0.19
"434",660253,0.868,0.132,0.794,0.206,0.976,0.024,0.992,0.008,0.94,0.06,0.972,0.028,0.88,0.12,0.826,0.174,0.862,0.138,1,0,0.778,0.222,0.766,0.234,0.776,0.224,0.832,0.168
"435",660268,0.642,0.358,0.626,0.374,0.908,0.092,0.892,0.108,0.806,0.194,0.854,0.146,0.818,0.182,0.798,0.202,0.712,0.288,0.96,0.04,0.646,0.354,0.638,0.362,0.688,0.312,0.764,0.236
"436",660269,0.83,0.17,0.6,0.4,0.906,0.094,0.97,0.03,0.902,0.098,0.892,0.108,0.604,0.396,0.602,0.398,0.84,0.16,0.992,0.008,0.586,0.414,0.528,0.472,0.546,0.454,0.578,0.422
"437",660270,0.586,0.414,0.67,0.33,0.924,0.076,0.918,0.082,0.824,0.176,0.87,0.13,0.832,0.168,0.796,0.204,0.61,0.39,0.98,0.02,0.642,0.358,0.682,0.318,0.648,0.352,0.8,0.2
"438",660271,0.844,0.156,0.742,0.258,0.97,0.03,0.966,0.034,0.962,0.038,0.916,0.084,0.802,0.198,0.804,0.196,0.888,0.112,0.966,0.034,0.748,0.252,0.726,0.274,0.764,0.236,0.788,0.212
"439",660280,0.63,0.37,0.61,0.39,0.92,0.08,0.908,0.092,0.848,0.152,0.88,0.12,0.798,0.202,0.77,0.23,0.654,0.346,0.994,0.006,0.62,0.38,0.608,0.392,0.64,0.36,0.78,0.22
"440",660281,0.614,0.386,0.64,0.36,0.932,0.068,0.956,0.044,0.926,0.074,0.918,0.082,0.766,0.234,0.702,0.298,0.69,0.31,0.994,0.006,0.616,0.384,0.644,0.356,0.644,0.356,0.716,0.284
"441",660282,0.658,0.342,0.594,0.406,0.898,0.102,0.94,0.06,0.83,0.17,0.896,0.104,0.78,0.22,0.724,0.276,0.72,0.28,0.978,0.022,0.604,0.396,0.586,0.414,0.602,0.398,0.75,0.25
"442",660283,0.64,0.36,0.638,0.362,0.924,0.076,0.94,0.06,0.818,0.182,0.878,0.122,0.804,0.196,0.79,0.21,0.73,0.27,0.988,0.012,0.668,0.332,0.63,0.37,0.682,0.318,0.782,0.218
"443",660284,0.646,0.354,0.626,0.374,0.928,0.072,0.936,0.064,0.814,0.186,0.9,0.1,0.812,0.188,0.808,0.192,0.712,0.288,0.992,0.008,0.634,0.366,0.582,0.418,0.63,0.37,0.796,0.204
"444",660286,0.982,0.018,0.538,0.462,0.984,0.016,0.988,0.012,0.998,0.002,0.994,0.006,0.52,0.48,0.5,0.5,0.994,0.006,1,0,0.526,0.474,0.54,0.46,0.534,0.466,0.566,0.434
"445",660287,0.812,0.188,0.82,0.18,0.976,0.024,0.992,0.008,0.956,0.044,0.978,0.022,0.9,0.1,0.918,0.082,0.868,0.132,1,0,0.836,0.164,0.826,0.174,0.852,0.148,0.918,0.082
"446",660288,0.958,0.042,0.84,0.16,0.982,0.018,0.974,0.026,0.982,0.018,0.982,0.018,0.824,0.176,0.824,0.176,0.952,0.048,0.986,0.014,0.808,0.192,0.82,0.18,0.796,0.204,0.828,0.172
"447",660301,0.6,0.4,0.656,0.344,0.922,0.078,0.916,0.084,0.826,0.174,0.896,0.104,0.82,0.18,0.814,0.186,0.694,0.306,0.984,0.016,0.676,0.324,0.646,0.354,0.7,0.3,0.796,0.204
"448",660304,0.898,0.102,0.584,0.416,0.972,0.028,0.964,0.036,0.956,0.044,0.97,0.03,0.702,0.298,0.706,0.294,0.922,0.078,0.986,0.014,0.592,0.408,0.622,0.378,0.622,0.378,0.682,0.318
"449",660306,0.95,0.05,0.618,0.382,0.98,0.02,0.978,0.022,0.98,0.02,0.974,0.026,0.656,0.344,0.712,0.288,0.968,0.032,0.974,0.026,0.624,0.376,0.624,0.376,0.63,0.37,0.662,0.338
"450",660314,0.882,0.118,0.94,0.06,0.996,0.004,0.994,0.006,0.988,0.012,1,0,0.944,0.056,0.948,0.052,0.944,0.056,0.996,0.004,0.942,0.058,0.966,0.034,0.924,0.076,0.958,0.042
"451",660317,0.932,0.068,0.61,0.39,0.96,0.04,0.98,0.02,0.962,0.038,0.988,0.012,0.674,0.326,0.676,0.324,0.978,0.022,0.984,0.016,0.662,0.338,0.642,0.358,0.638,0.362,0.65,0.35
"452",660318,0.892,0.108,0.764,0.236,0.974,0.026,0.996,0.004,0.982,0.018,0.93,0.07,0.812,0.188,0.77,0.23,0.93,0.07,0.996,0.004,0.754,0.246,0.792,0.208,0.804,0.196,0.794,0.206
"453",660319,0.852,0.148,0.904,0.096,0.996,0.004,0.994,0.006,0.992,0.008,0.97,0.03,0.956,0.044,0.92,0.08,0.92,0.08,0.998,0.002,0.89,0.11,0.91,0.09,0.888,0.112,0.924,0.076
"454",660321,0.912,0.088,0.744,0.256,0.994,0.006,0.972,0.028,0.994,0.006,0.982,0.018,0.826,0.174,0.77,0.23,0.968,0.032,0.996,0.004,0.742,0.258,0.748,0.252,0.764,0.236,0.782,0.218
"455",660322,0.918,0.082,0.912,0.088,0.992,0.008,0.988,0.012,0.99,0.01,0.982,0.018,0.926,0.074,0.908,0.092,0.926,0.074,0.998,0.002,0.916,0.084,0.902,0.098,0.898,0.102,0.93,0.07
"456",660325,0.848,0.152,0.858,0.142,0.996,0.004,0.996,0.004,0.974,0.026,0.974,0.026,0.884,0.116,0.888,0.112,0.924,0.076,1,0,0.86,0.14,0.858,0.142,0.86,0.14,0.924,0.076
"457",660327,0.914,0.086,0.816,0.184,0.958,0.042,0.984,0.016,0.964,0.036,0.984,0.016,0.912,0.088,0.83,0.17,0.922,0.078,0.978,0.022,0.832,0.168,0.834,0.166,0.838,0.162,0.876,0.124
"458",660331,0.89,0.11,0.654,0.346,0.984,0.016,0.998,0.002,0.972,0.028,0.958,0.042,0.634,0.366,0.642,0.358,0.954,0.046,0.998,0.002,0.618,0.382,0.646,0.354,0.676,0.324,0.652,0.348
"459",660332,0.886,0.114,0.912,0.088,0.984,0.016,0.994,0.006,0.976,0.024,0.986,0.014,0.924,0.076,0.904,0.096,0.918,0.082,1,0,0.882,0.118,0.88,0.12,0.854,0.146,0.912,0.088
"460",660341,0.972,0.028,0.898,0.102,1,0,0.99,0.01,0.996,0.004,0.986,0.014,0.93,0.07,0.922,0.078,0.984,0.016,1,0,0.904,0.096,0.9,0.1,0.906,0.094,0.922,0.078
"461",660342,0.89,0.11,0.904,0.096,0.99,0.01,1,0,0.986,0.014,0.982,0.018,0.924,0.076,0.916,0.084,0.892,0.108,0.996,0.004,0.896,0.104,0.892,0.108,0.906,0.094,0.916,0.084
"462",660346,0.758,0.242,0.59,0.41,0.98,0.02,0.952,0.048,0.954,0.046,0.938,0.062,0.746,0.254,0.702,0.298,0.824,0.176,0.992,0.008,0.56,0.44,0.566,0.434,0.552,0.448,0.734,0.266
"463",660358,0.844,0.156,0.734,0.266,0.942,0.058,0.984,0.016,0.968,0.032,0.96,0.04,0.848,0.152,0.79,0.21,0.89,0.11,1,0,0.696,0.304,0.734,0.266,0.744,0.256,0.818,0.182
"464",660363,0.87,0.13,0.854,0.146,0.998,0.002,0.99,0.01,0.994,0.006,0.952,0.048,0.906,0.094,0.868,0.132,0.908,0.092,0.996,0.004,0.866,0.134,0.854,0.146,0.876,0.124,0.87,0.13
"465",660364,0.832,0.168,0.742,0.258,0.986,0.014,0.978,0.022,0.978,0.022,0.948,0.052,0.822,0.178,0.812,0.188,0.926,0.074,0.998,0.002,0.76,0.24,0.752,0.248,0.768,0.232,0.792,0.208
"466",660391,0.946,0.054,0.82,0.18,0.978,0.022,0.974,0.026,0.978,0.022,0.988,0.012,0.798,0.202,0.798,0.202,0.942,0.058,0.986,0.014,0.768,0.232,0.8,0.2,0.776,0.224,0.802,0.198
"467",660397,0.894,0.106,0.708,0.292,0.972,0.028,0.99,0.01,0.982,0.018,0.99,0.01,0.796,0.204,0.792,0.208,0.938,0.062,1,0,0.756,0.244,0.712,0.288,0.726,0.274,0.758,0.242
"468",660409,0.966,0.034,0.882,0.118,1,0,0.992,0.008,0.988,0.012,0.98,0.02,0.864,0.136,0.864,0.136,0.962,0.038,0.996,0.004,0.814,0.186,0.832,0.168,0.822,0.178,0.836,0.164
"469",660410,0.904,0.096,0.586,0.414,0.972,0.028,0.988,0.012,0.98,0.02,0.958,0.042,0.634,0.366,0.636,0.364,0.962,0.038,0.99,0.01,0.554,0.446,0.534,0.466,0.558,0.442,0.614,0.386
"470",660411,0.826,0.174,0.82,0.18,0.984,0.016,0.992,0.008,0.964,0.036,0.978,0.022,0.866,0.134,0.868,0.132,0.9,0.1,1,0,0.822,0.178,0.8,0.2,0.83,0.17,0.854,0.146
"471",660412,0.76,0.24,0.782,0.218,0.992,0.008,0.976,0.024,0.938,0.062,0.904,0.096,0.83,0.17,0.808,0.192,0.882,0.118,0.998,0.002,0.756,0.244,0.742,0.258,0.76,0.24,0.816,0.184
"472",660413,0.932,0.068,0.844,0.156,0.996,0.004,0.988,0.012,0.996,0.004,0.984,0.016,0.872,0.128,0.836,0.164,0.944,0.056,1,0,0.852,0.148,0.83,0.17,0.862,0.138,0.848,0.152
"473",660414,0.922,0.078,0.53,0.47,0.972,0.028,0.978,0.022,0.97,0.03,0.976,0.024,0.634,0.366,0.598,0.402,0.964,0.036,0.992,0.008,0.534,0.466,0.542,0.458,0.522,0.478,0.582,0.418
"474",660421,0.918,0.082,0.506,0.494,0.99,0.01,0.988,0.012,0.994,0.006,0.994,0.006,0.606,0.394,0.514,0.486,0.95,0.05,0.996,0.004,0.462,0.538,0.452,0.548,0.474,0.526,0.528,0.472
"475",660424,0.828,0.172,0.706,0.294,0.976,0.024,0.976,0.024,0.96,0.04,0.97,0.03,0.792,0.208,0.78,0.22,0.83,0.17,0.968,0.032,0.726,0.274,0.724,0.276,0.712,0.288,0.774,0.226
"476",660425,0.818,0.182,0.712,0.288,0.978,0.022,0.972,0.028,0.952,0.048,0.962,0.038,0.762,0.238,0.76,0.24,0.812,0.188,0.984,0.016,0.728,0.272,0.702,0.298,0.688,0.312,0.718,0.282
"477",660429,0.898,0.102,0.626,0.374,0.994,0.006,0.992,0.008,0.972,0.028,0.98,0.02,0.7,0.3,0.722,0.278,0.938,0.062,0.992,0.008,0.656,0.344,0.642,0.358,0.638,0.362,0.694,0.306
"478",660430,0.93,0.07,0.848,0.152,0.988,0.012,0.988,0.012,0.984,0.016,0.99,0.01,0.804,0.196,0.812,0.188,0.962,0.038,1,0,0.8,0.2,0.79,0.21,0.784,0.216,0.84,0.16
"479",660431,0.948,0.052,0.836,0.164,0.974,0.026,0.974,0.026,0.992,0.008,0.984,0.016,0.872,0.128,0.82,0.18,0.988,0.012,0.992,0.008,0.84,0.16,0.826,0.174,0.84,0.16,0.826,0.174
"480",660432,0.922,0.078,0.72,0.28,0.99,0.01,0.996,0.004,0.988,0.012,1,0,0.742,0.258,0.72,0.28,0.92,0.08,0.998,0.002,0.7,0.3,0.724,0.276,0.7,0.3,0.732,0.268
"481",660433,0.932,0.068,0.794,0.206,0.99,0.01,0.99,0.01,0.982,0.018,0.968,0.032,0.862,0.138,0.85,0.15,0.952,0.048,0.994,0.006,0.82,0.18,0.818,0.182,0.84,0.16,0.858,0.142
"482",660434,0.918,0.082,0.896,0.104,0.994,0.006,0.972,0.028,0.97,0.03,0.986,0.014,0.97,0.03,0.978,0.022,0.92,0.08,0.996,0.004,0.884,0.116,0.886,0.114,0.894,0.106,0.966,0.034
"483",660768,0.85,0.15,0.502,0.498,0.95,0.05,0.988,0.012,0.926,0.074,0.96,0.04,0.596,0.404,0.572,0.428,0.896,0.104,0.99,0.01,0.508,0.492,0.48,0.52,0.472,0.528,0.56,0.44
"484",660774,0.956,0.044,0.67,0.33,0.952,0.048,0.984,0.016,0.966,0.034,0.984,0.016,0.692,0.308,0.658,0.342,0.99,0.01,0.984,0.016,0.67,0.33,0.62,0.38,0.672,0.328,0.652,0.348
"485",660777,0.91,0.09,0.682,0.318,0.982,0.018,0.966,0.034,0.968,0.032,0.994,0.006,0.728,0.272,0.742,0.258,0.93,0.07,0.992,0.008,0.698,0.302,0.702,0.298,0.72,0.28,0.736,0.264
"486",660778,0.898,0.102,0.742,0.258,0.984,0.016,0.974,0.026,0.976,0.024,0.986,0.014,0.772,0.228,0.78,0.22,0.922,0.078,1,0,0.766,0.234,0.754,0.246,0.728,0.272,0.768,0.232
"487",660779,0.844,0.156,0.882,0.118,0.996,0.004,0.988,0.012,0.954,0.046,0.972,0.028,0.968,0.032,0.972,0.028,0.894,0.106,1,0,0.908,0.092,0.922,0.078,0.92,0.08,0.958,0.042
"488",660796,0.916,0.084,0.832,0.168,0.986,0.014,0.978,0.022,0.982,0.018,0.976,0.024,0.884,0.116,0.814,0.186,0.952,0.048,0.998,0.002,0.808,0.192,0.832,0.168,0.834,0.166,0.866,0.134
"489",660797,0.832,0.168,0.708,0.292,0.982,0.018,0.98,0.02,0.966,0.034,0.966,0.034,0.796,0.204,0.772,0.228,0.816,0.184,0.988,0.012,0.728,0.272,0.726,0.274,0.714,0.286,0.784,0.216
"490",660798,0.832,0.168,0.708,0.292,0.982,0.018,0.98,0.02,0.966,0.034,0.966,0.034,0.796,0.204,0.772,0.228,0.816,0.184,0.988,0.012,0.728,0.272,0.726,0.274,0.714,0.286,0.784,0.216
"491",660819,0.944,0.056,0.874,0.126,0.99,0.01,0.998,0.002,0.994,0.006,1,0,0.9,0.1,0.908,0.092,0.976,0.024,1,0,0.866,0.134,0.902,0.098,0.9,0.1,0.888,0.112
"492",660821,0.894,0.106,0.824,0.176,1,0,0.994,0.006,0.982,0.018,0.976,0.024,0.844,0.156,0.82,0.18,0.906,0.094,0.996,0.004,0.818,0.182,0.844,0.156,0.81,0.19,0.808,0.192
"493",660823,0.912,0.088,0.74,0.26,0.976,0.024,0.992,0.008,0.964,0.036,0.976,0.024,0.762,0.238,0.742,0.258,0.924,0.076,0.998,0.002,0.728,0.272,0.726,0.274,0.77,0.23,0.73,0.27
"494",660839,0.832,0.168,0.708,0.292,0.982,0.018,0.98,0.02,0.966,0.034,0.966,0.034,0.796,0.204,0.772,0.228,0.816,0.184,0.988,0.012,0.728,0.272,0.726,0.274,0.714,0.286,0.784,0.216
"495",660840,0.89,0.11,0.702,0.298,0.958,0.042,0.992,0.008,0.98,0.02,0.976,0.024,0.768,0.232,0.768,0.232,0.93,0.07,0.994,0.006,0.7,0.3,0.672,0.328,0.698,0.302,0.756,0.244
"496",660857,0.784,0.216,0.748,0.252,0.958,0.042,0.982,0.018,0.962,0.038,0.938,0.062,0.784,0.216,0.74,0.26,0.8,0.2,0.99,0.01,0.694,0.306,0.702,0.298,0.736,0.264,0.758,0.242
"497",660890,0.774,0.226,0.776,0.224,0.962,0.038,0.984,0.016,0.928,0.072,0.914,0.086,0.87,0.13,0.836,0.164,0.882,0.118,0.998,0.002,0.762,0.238,0.736,0.264,0.742,0.258,0.828,0.172
"498",660935,0.934,0.066,0.826,0.174,0.992,0.008,0.996,0.004,0.99,0.01,0.994,0.006,0.834,0.166,0.812,0.188,0.95,0.05,1,0,0.824,0.176,0.856,0.144,0.834,0.166,0.822,0.178
"499",660985,0.916,0.084,0.63,0.37,0.858,0.142,0.978,0.022,0.992,0.008,0.95,0.05,0.736,0.264,0.65,0.35,0.956,0.044,1,0,0.592,0.408,0.602,0.398,0.612,0.388,0.636,0.364
"500",660993,0.84,0.16,0.796,0.204,0.992,0.008,0.99,0.01,0.968,0.032,0.966,0.034,0.824,0.176,0.832,0.168,0.868,0.132,0.996,0.004,0.79,0.21,0.798,0.202,0.77,0.23,0.826,0.174
"501",660994,0.856,0.144,0.874,0.126,0.996,0.004,0.97,0.03,0.962,0.038,0.97,0.03,0.894,0.106,0.884,0.116,0.928,0.072,1,0,0.842,0.158,0.858,0.142,0.876,0.124,0.868,0.132
"502",661032,0.938,0.062,0.778,0.222,0.99,0.01,0.998,0.002,0.98,0.02,0.978,0.022,0.816,0.184,0.78,0.22,0.964,0.036,0.998,0.002,0.75,0.25,0.764,0.236,0.77,0.23,0.784,0.216
"503",661033,0.946,0.054,0.48,0.52,0.978,0.022,0.96,0.04,0.984,0.016,0.982,0.018,0.554,0.446,0.508,0.492,0.952,0.048,0.994,0.006,0.438,0.562,0.434,0.566,0.518,0.482,0.488,0.512
"504",665818,0.714,0.286,0.672,0.328,0.96,0.04,0.872,0.128,0.888,0.112,0.886,0.114,0.81,0.19,0.782,0.218,0.744,0.256,0.986,0.014,0.714,0.286,0.678,0.322,0.684,0.316,0.828,0.172
"505",665914,0.908,0.092,0.814,0.186,0.992,0.008,0.924,0.076,0.978,0.022,0.978,0.022,0.82,0.18,0.834,0.166,0.962,0.038,0.986,0.014,0.818,0.182,0.822,0.178,0.842,0.158,0.864,0.136
"506",666541,0.73,0.27,0.58,0.42,0.902,0.098,0.938,0.062,0.864,0.136,0.874,0.126,0.71,0.29,0.636,0.364,0.77,0.23,0.988,0.012,0.586,0.414,0.56,0.44,0.624,0.376,0.704,0.296
"507",666716,0.916,0.084,0.688,0.312,0.99,0.01,0.988,0.012,0.978,0.022,0.966,0.034,0.704,0.296,0.722,0.278,0.974,0.026,0.998,0.002,0.676,0.324,0.648,0.352,0.656,0.344,0.68,0.32
"508",666910,0.93,0.07,0.722,0.278,0.944,0.056,0.972,0.028,0.972,0.028,0.954,0.046,0.772,0.228,0.722,0.278,0.986,0.014,1,0,0.726,0.274,0.702,0.298,0.7,0.3,0.752,0.248
"509",667933,0.862,0.138,0.664,0.336,0.97,0.03,0.966,0.034,0.962,0.038,0.942,0.058,0.752,0.248,0.7,0.3,0.914,0.086,1,0,0.67,0.33,0.62,0.38,0.652,0.348,0.71,0.29
"510",668495,0.934,0.066,0.784,0.216,0.978,0.022,0.992,0.008,0.992,0.008,0.982,0.018,0.818,0.182,0.82,0.18,0.984,0.016,0.994,0.006,0.794,0.206,0.758,0.242,0.77,0.23,0.816,0.184
"511",668723,0.904,0.096,0.854,0.146,0.992,0.008,0.986,0.014,0.974,0.026,0.968,0.032,0.898,0.102,0.856,0.144,0.94,0.06,1,0,0.86,0.14,0.85,0.15,0.864,0.136,0.86,0.14
"512",668858,0.764,0.236,0.876,0.124,0.988,0.012,0.998,0.002,0.99,0.01,1,0,0.884,0.116,0.906,0.094,0.788,0.212,1,0,0.882,0.118,0.884,0.116,0.886,0.114,0.906,0.094
"513",676728,0.848,0.152,0.77,0.23,0.984,0.016,0.982,0.018,0.944,0.056,0.97,0.03,0.84,0.16,0.814,0.186,0.944,0.056,0.992,0.008,0.782,0.218,0.764,0.236,0.766,0.234,0.818,0.182
"514",677522,0.91,0.09,0.674,0.326,0.91,0.09,0.97,0.03,0.992,0.008,0.966,0.034,0.762,0.238,0.748,0.252,0.926,0.074,1,0,0.686,0.314,0.704,0.296,0.644,0.356,0.778,0.222
"515",679843,0.926,0.074,0.542,0.458,0.964,0.036,0.982,0.018,0.996,0.004,0.932,0.068,0.52,0.48,0.528,0.472,0.99,0.01,0.998,0.002,0.566,0.434,0.544,0.456,0.524,0.476,0.558,0.442
"516",679844,0.826,0.174,0.732,0.268,0.95,0.05,0.974,0.026,0.954,0.046,0.97,0.03,0.806,0.194,0.812,0.188,0.936,0.064,1,0,0.712,0.288,0.742,0.258,0.744,0.256,0.836,0.164
"517",682993,0.822,0.178,0.756,0.244,0.992,0.008,1,0,0.908,0.092,0.974,0.026,0.84,0.16,0.822,0.178,0.916,0.084,0.998,0.002,0.776,0.224,0.778,0.222,0.756,0.244,0.848,0.152
"518",686134,0.882,0.118,0.644,0.356,0.96,0.04,0.98,0.02,0.974,0.026,0.978,0.022,0.708,0.292,0.634,0.366,0.96,0.04,0.992,0.008,0.638,0.362,0.662,0.338,0.618,0.382,0.702,0.298
"519",687395,0.99,0.01,0.862,0.138,0.996,0.004,1,0,1,0,0.992,0.008,0.844,0.156,0.882,0.118,0.986,0.014,1,0,0.866,0.134,0.868,0.132,0.85,0.15,0.902,0.098
"520",687406,0.982,0.018,0.914,0.086,0.992,0.008,1,0,0.996,0.004,0.996,0.004,0.912,0.088,0.92,0.08,0.966,0.034,1,0,0.874,0.126,0.908,0.092,0.91,0.09,0.922,0.078
"521",687418,0.886,0.114,0.688,0.312,0.988,0.012,0.966,0.034,0.976,0.024,0.976,0.024,0.738,0.262,0.686,0.314,0.914,0.086,0.996,0.004,0.668,0.332,0.644,0.356,0.65,0.35,0.694,0.306
"522",687577,0.948,0.052,0.838,0.162,0.992,0.008,0.988,0.012,0.99,0.01,0.988,0.012,0.874,0.126,0.848,0.152,0.972,0.028,0.996,0.004,0.816,0.184,0.824,0.176,0.858,0.142,0.884,0.116
"523",687578,0.9,0.1,0.922,0.078,0.998,0.002,0.996,0.004,0.99,0.01,0.992,0.008,0.952,0.048,0.922,0.078,0.918,0.082,1,0,0.91,0.09,0.908,0.092,0.936,0.064,0.952,0.048
"524",687579,0.758,0.242,0.652,0.348,0.942,0.058,0.958,0.042,0.918,0.082,0.902,0.098,0.752,0.248,0.696,0.304,0.874,0.126,0.994,0.006,0.682,0.318,0.66,0.34,0.674,0.326,0.676,0.324
"525",687661,0.968,0.032,0.806,0.194,0.986,0.014,0.984,0.016,0.996,0.004,0.984,0.016,0.87,0.13,0.88,0.12,0.978,0.022,1,0,0.832,0.168,0.846,0.154,0.844,0.156,0.822,0.178
"526",687694,0.888,0.112,0.828,0.172,0.978,0.022,0.956,0.044,0.992,0.008,0.994,0.006,0.812,0.188,0.824,0.176,0.968,0.032,0.996,0.004,0.806,0.194,0.81,0.19,0.78,0.22,0.774,0.226
"527",687714,0.912,0.088,0.836,0.164,0.988,0.012,0.986,0.014,0.984,0.016,0.992,0.008,0.852,0.148,0.85,0.15,0.93,0.07,0.992,0.008,0.87,0.13,0.86,0.14,0.832,0.168,0.862,0.138
"528",687715,0.946,0.054,0.784,0.216,0.99,0.01,0.974,0.026,0.966,0.034,0.98,0.02,0.866,0.134,0.856,0.144,0.966,0.034,0.992,0.008,0.788,0.212,0.768,0.232,0.818,0.182,0.832,0.168
"529",687720,0.93,0.07,0.85,0.15,0.986,0.014,0.938,0.062,0.986,0.014,0.986,0.014,0.888,0.112,0.862,0.138,0.964,0.036,0.99,0.01,0.838,0.162,0.812,0.188,0.852,0.148,0.88,0.12
"530",687721,0.602,0.398,0.804,0.196,0.992,0.008,0.988,0.012,0.958,0.042,0.956,0.044,0.864,0.136,0.886,0.114,0.836,0.164,0.992,0.008,0.826,0.174,0.824,0.176,0.824,0.176,0.894,0.106
"531",687735,0.856,0.144,0.814,0.186,0.982,0.018,0.984,0.016,0.946,0.054,0.99,0.01,0.828,0.172,0.798,0.202,0.926,0.074,0.994,0.006,0.782,0.218,0.802,0.198,0.802,0.198,0.836,0.164
"532",687769,0.864,0.136,0.64,0.36,0.978,0.022,0.948,0.052,0.97,0.03,0.984,0.016,0.686,0.314,0.662,0.338,0.918,0.082,0.99,0.01,0.628,0.372,0.652,0.348,0.624,0.376,0.634,0.366
"533",687953,0.84,0.16,0.698,0.302,0.976,0.024,0.982,0.018,0.942,0.058,0.962,0.038,0.768,0.232,0.778,0.222,0.928,0.072,0.986,0.014,0.72,0.28,0.702,0.298,0.684,0.316,0.792,0.208
"534",687954,0.866,0.134,0.63,0.37,0.948,0.052,0.974,0.026,0.968,0.032,0.958,0.042,0.676,0.324,0.67,0.33,0.924,0.076,0.992,0.008,0.63,0.37,0.636,0.364,0.636,0.364,0.672,0.328
"535",688138,0.79,0.21,0.668,0.332,0.954,0.046,0.938,0.062,0.934,0.066,0.938,0.062,0.802,0.198,0.744,0.256,0.896,0.104,0.996,0.004,0.628,0.372,0.63,0.37,0.696,0.304,0.754,0.246
"536",688229,0.868,0.132,0.894,0.106,0.992,0.008,0.978,0.022,0.984,0.016,0.98,0.02,0.908,0.092,0.934,0.066,0.92,0.08,1,0,0.924,0.076,0.922,0.078,0.89,0.11,0.924,0.076
"537",688516,0.814,0.186,0.68,0.32,0.922,0.078,0.96,0.04,0.91,0.09,0.944,0.056,0.746,0.254,0.724,0.276,0.862,0.138,0.998,0.002,0.704,0.296,0.67,0.33,0.764,0.236,0.722,0.278
"538",688799,0.884,0.116,0.578,0.422,0.996,0.004,0.984,0.016,0.958,0.042,0.984,0.016,0.656,0.344,0.62,0.38,0.93,0.07,0.984,0.016,0.55,0.45,0.562,0.438,0.536,0.464,0.63,0.37
"539",688888,0.922,0.078,0.808,0.192,0.994,0.006,0.988,0.012,0.99,0.01,0.958,0.042,0.864,0.136,0.844,0.156,0.958,0.042,1,0,0.82,0.18,0.806,0.194,0.792,0.208,0.834,0.166
"540",688962,0.846,0.154,0.814,0.186,0.99,0.01,0.98,0.02,0.976,0.024,0.98,0.02,0.812,0.188,0.822,0.178,0.94,0.06,0.998,0.002,0.806,0.194,0.77,0.23,0.776,0.224,0.808,0.192
"541",688975,0.86,0.14,0.682,0.318,0.96,0.04,0.984,0.016,0.98,0.02,0.958,0.042,0.796,0.204,0.768,0.232,0.912,0.088,0.998,0.002,0.754,0.246,0.73,0.27,0.756,0.244,0.798,0.202
"542",689136,0.842,0.158,0.56,0.44,0.992,0.008,0.986,0.014,0.944,0.056,0.946,0.054,0.628,0.372,0.622,0.378,0.886,0.114,0.996,0.004,0.544,0.456,0.58,0.42,0.6,0.4,0.656,0.344
"543",689506,0.962,0.038,0.75,0.25,0.992,0.008,0.988,0.012,0.978,0.022,0.978,0.022,0.772,0.228,0.8,0.2,0.978,0.022,0.996,0.004,0.764,0.236,0.768,0.232,0.714,0.286,0.764,0.236
"544",705300,0.938,0.062,0.796,0.204,0.982,0.018,0.966,0.034,0.934,0.066,0.972,0.028,0.836,0.164,0.814,0.186,0.964,0.036,0.978,0.022,0.81,0.19,0.838,0.162,0.824,0.176,0.836,0.164
"545",710154,0.932,0.068,0.836,0.164,0.998,0.002,0.992,0.008,0.988,0.012,0.998,0.002,0.904,0.096,0.862,0.138,0.936,0.064,1,0,0.834,0.166,0.848,0.152,0.86,0.14,0.892,0.108
